ID,Title,Author,View,Image
7059443,제목 없음,작성자 없음,0,
7059442,제목 없음,작성자 없음,0,
7059441,제목 없음,작성자 없음,0,
7059440,제목 없음,작성자 없음,0,
7059439,제목 없음,작성자 없음,0,
7059438,제목 없음,작성자 없음,0,
7059437,제목 없음,작성자 없음,0,
7059436,제목 없음,작성자 없음,0,
7059435,제목 없음,작성자 없음,0,
7059434,제목 없음,작성자 없음,0,
7059433,제목 없음,작성자 없음,0,
7059431,제목 없음,작성자 없음,0,
7059430,제목 없음,작성자 없음,0,
7059429,제목 없음,작성자 없음,0,
7059428,제목 없음,작성자 없음,0,
7059427,제목 없음,작성자 없음,0,
7059426,제목 없음,작성자 없음,0,
7059425,제목 없음,작성자 없음,0,
7059424,제목 없음,작성자 없음,0,
7059423,제목 없음,작성자 없음,0,
7059422,제목 없음,작성자 없음,0,
7059421,제목 없음,작성자 없음,0,
7059420,제목 없음,작성자 없음,0,
7059418,제목 없음,작성자 없음,0,
7059417,제목 없음,작성자 없음,0,
7059416,제목 없음,작성자 없음,0,
7059415,제목 없음,작성자 없음,0,
7059414,제목 없음,작성자 없음,0,
7059413,제목 없음,작성자 없음,0,
7059412,제목 없음,작성자 없음,0,
7059411,제목 없음,작성자 없음,0,
7059410,제목 없음,작성자 없음,0,
7059409,제목 없음,작성자 없음,0,
7059408,제목 없음,작성자 없음,0,
7059407,제목 없음,작성자 없음,0,
7059406,제목 없음,작성자 없음,0,
7059405,제목 없음,작성자 없음,0,
7059404,제목 없음,작성자 없음,0,
7059403,제목 없음,작성자 없음,0,
7059402,제목 없음,작성자 없음,0,
7059401,제목 없음,작성자 없음,0,
7059400,제목 없음,작성자 없음,0,
7059399,제목 없음,작성자 없음,0,
7059398,제목 없음,작성자 없음,0,
7059397,제목 없음,작성자 없음,0,
7059396,제목 없음,작성자 없음,0,
7059395,제목 없음,작성자 없음,0,
7059394,제목 없음,작성자 없음,0,
7059393,제목 없음,작성자 없음,0,
7059392,제목 없음,작성자 없음,0,
7059391,제목 없음,작성자 없음,0,
7059390,제목 없음,작성자 없음,0,
7059389,제목 없음,작성자 없음,0,
7059388,제목 없음,작성자 없음,0,
7059387,제목 없음,작성자 없음,0,
7059386,제목 없음,작성자 없음,0,
7059385,제목 없음,작성자 없음,0,
7059384,제목 없음,작성자 없음,0,
7059383,제목 없음,작성자 없음,0,
7059382,제목 없음,작성자 없음,0,
7059381,제목 없음,작성자 없음,0,
7059380,제목 없음,작성자 없음,0,
7059379,제목 없음,작성자 없음,0,
7059378,제목 없음,작성자 없음,0,
7059377,제목 없음,작성자 없음,0,
7059376,제목 없음,작성자 없음,0,
7059375,제목 없음,작성자 없음,0,
7059374,제목 없음,작성자 없음,0,
7059373,제목 없음,작성자 없음,0,
7059372,제목 없음,작성자 없음,0,
7059371,제목 없음,작성자 없음,0,
7059370,제목 없음,작성자 없음,0,
7059369,제목 없음,작성자 없음,0,
7059368,제목 없음,작성자 없음,0,
7059367,제목 없음,작성자 없음,0,
7059366,제목 없음,작성자 없음,0,
7059365,제목 없음,작성자 없음,0,
7059364,제목 없음,작성자 없음,0,
7059363,제목 없음,작성자 없음,0,
7059362,제목 없음,작성자 없음,0,
7059361,제목 없음,작성자 없음,0,
7059360,제목 없음,작성자 없음,0,
7059359,제목 없음,작성자 없음,0,
7059358,제목 없음,작성자 없음,0,
7059357,제목 없음,작성자 없음,0,
7059356,제목 없음,작성자 없음,0,
7059348,제목 없음,작성자 없음,0,
7059347,제목 없음,작성자 없음,0,
7059346,제목 없음,작성자 없음,0,
7059345,제목 없음,작성자 없음,0,
7059344,제목 없음,작성자 없음,0,
7059343,제목 없음,작성자 없음,0,
7059342,제목 없음,작성자 없음,0,
7059341,제목 없음,작성자 없음,0,
7059340,제목 없음,작성자 없음,0,
7059339,제목 없음,작성자 없음,0,
7059338,제목 없음,작성자 없음,0,
7059337,제목 없음,작성자 없음,0,
7059336,제목 없음,작성자 없음,0,
7059335,제목 없음,작성자 없음,0,
7059334,제목 없음,작성자 없음,0,
7059333,제목 없음,작성자 없음,0,
7059332,제목 없음,작성자 없음,0,
7059331,제목 없음,작성자 없음,0,
7059330,제목 없음,작성자 없음,0,
7059329,제목 없음,작성자 없음,0,
7059328,제목 없음,작성자 없음,0,
7059327,제목 없음,작성자 없음,0,
7059326,제목 없음,작성자 없음,0,
7059325,제목 없음,작성자 없음,0,
7059324,제목 없음,작성자 없음,0,
7059323,제목 없음,작성자 없음,0,
7059322,제목 없음,작성자 없음,0,
7059321,제목 없음,작성자 없음,0,
7059320,제목 없음,작성자 없음,0,
7059319,제목 없음,작성자 없음,0,
7059318,제목 없음,작성자 없음,0,
7059317,제목 없음,작성자 없음,0,
7059316,제목 없음,작성자 없음,0,
7059315,제목 없음,작성자 없음,0,
7059314,제목 없음,작성자 없음,0,
7059313,제목 없음,작성자 없음,0,
7059312,제목 없음,작성자 없음,0,
7059311,제목 없음,작성자 없음,0,
7059310,제목 없음,작성자 없음,0,
7059309,제목 없음,작성자 없음,0,
7059308,제목 없음,작성자 없음,0,
7059307,제목 없음,작성자 없음,0,
7059306,제목 없음,작성자 없음,0,
7059305,제목 없음,작성자 없음,0,
7059304,제목 없음,작성자 없음,0,
7059303,제목 없음,작성자 없음,0,
7059302,제목 없음,작성자 없음,0,
7059301,제목 없음,작성자 없음,0,
7059300,제목 없음,작성자 없음,0,
7059299,제목 없음,작성자 없음,0,
7059298,제목 없음,작성자 없음,0,
7059297,제목 없음,작성자 없음,0,
7059296,제목 없음,작성자 없음,0,
7059294,제목 없음,작성자 없음,0,
7059293,제목 없음,작성자 없음,0,
7059292,제목 없음,작성자 없음,0,
7059291,제목 없음,작성자 없음,0,
7059290,제목 없음,작성자 없음,0,
7059289,제목 없음,작성자 없음,0,
7059288,제목 없음,작성자 없음,0,
7059287,제목 없음,작성자 없음,0,
7059286,제목 없음,작성자 없음,0,
7059285,제목 없음,작성자 없음,0,
7059284,제목 없음,작성자 없음,0,
7059283,제목 없음,작성자 없음,0,
7059282,제목 없음,작성자 없음,0,
7059281,제목 없음,작성자 없음,0,
7059280,제목 없음,작성자 없음,0,
7059279,제목 없음,작성자 없음,0,
7059278,제목 없음,작성자 없음,0,
7059277,제목 없음,작성자 없음,0,
7059276,제목 없음,작성자 없음,0,
7059275,제목 없음,작성자 없음,0,
7059274,제목 없음,작성자 없음,0,
7059273,제목 없음,작성자 없음,0,
7059272,제목 없음,작성자 없음,0,
7059271,제목 없음,작성자 없음,0,
7059270,제목 없음,작성자 없음,0,
7059269,제목 없음,작성자 없음,0,
7059268,제목 없음,작성자 없음,0,
7059267,제목 없음,작성자 없음,0,
7059266,제목 없음,작성자 없음,0,
7059265,제목 없음,작성자 없음,0,
7059264,제목 없음,작성자 없음,0,
7059263,제목 없음,작성자 없음,0,
7059262,제목 없음,작성자 없음,0,
7059261,제목 없음,작성자 없음,0,
7059260,제목 없음,작성자 없음,0,
7059259,제목 없음,작성자 없음,0,
7059258,제목 없음,작성자 없음,0,
7059257,제목 없음,작성자 없음,0,
7059256,제목 없음,작성자 없음,0,
7059255,제목 없음,작성자 없음,0,
7059254,제목 없음,작성자 없음,0,
7059253,제목 없음,작성자 없음,0,
7059252,제목 없음,작성자 없음,0,
7059251,제목 없음,작성자 없음,0,
7059250,제목 없음,작성자 없음,0,
7059249,제목 없음,작성자 없음,0,
7059248,제목 없음,작성자 없음,0,
7059247,제목 없음,작성자 없음,0,
7059246,제목 없음,작성자 없음,0,
7059245,제목 없음,작성자 없음,0,
7059244,제목 없음,작성자 없음,0,
7059243,제목 없음,작성자 없음,0,
7059242,제목 없음,작성자 없음,0,
7059241,제목 없음,작성자 없음,0,
7059240,제목 없음,작성자 없음,0,
7059239,제목 없음,작성자 없음,0,
7059237,제목 없음,작성자 없음,0,
7059235,제목 없음,작성자 없음,0,
7059234,제목 없음,작성자 없음,0,
7059233,제목 없음,작성자 없음,0,
7059232,제목 없음,작성자 없음,0,
7059231,제목 없음,작성자 없음,0,
7059230,제목 없음,작성자 없음,0,
7059229,제목 없음,작성자 없음,0,
7059228,제목 없음,작성자 없음,0,
7059227,제목 없음,작성자 없음,0,
7059226,제목 없음,작성자 없음,0,
7059225,제목 없음,작성자 없음,0,
7059224,제목 없음,작성자 없음,0,
7059223,제목 없음,작성자 없음,0,
7059222,제목 없음,작성자 없음,0,
7059221,제목 없음,작성자 없음,0,
7059220,제목 없음,작성자 없음,0,
7059219,제목 없음,작성자 없음,0,
7059218,제목 없음,작성자 없음,0,
7059217,제목 없음,작성자 없음,0,
7059216,제목 없음,작성자 없음,0,
7059215,제목 없음,작성자 없음,0,
7059214,제목 없음,작성자 없음,0,
7059213,제목 없음,작성자 없음,0,
7059212,제목 없음,작성자 없음,0,
7059211,제목 없음,작성자 없음,0,
7059210,제목 없음,작성자 없음,0,
7059209,제목 없음,작성자 없음,0,
7059208,제목 없음,작성자 없음,0,
7059207,제목 없음,작성자 없음,0,
7059206,제목 없음,작성자 없음,0,
7059205,제목 없음,작성자 없음,0,
7059204,제목 없음,작성자 없음,0,
7059203,제목 없음,작성자 없음,0,
7059202,제목 없음,작성자 없음,0,
7059201,제목 없음,작성자 없음,0,
7059200,제목 없음,작성자 없음,0,
7059199,제목 없음,작성자 없음,0,
7059198,제목 없음,작성자 없음,0,
7059197,제목 없음,작성자 없음,0,
7059196,제목 없음,작성자 없음,0,
7059195,제목 없음,작성자 없음,0,
7059194,제목 없음,작성자 없음,0,
7059193,제목 없음,작성자 없음,0,
7059192,제목 없음,작성자 없음,0,
7059191,제목 없음,작성자 없음,0,
7059190,제목 없음,작성자 없음,0,
7059189,제목 없음,작성자 없음,0,
7059188,제목 없음,작성자 없음,0,
7059187,제목 없음,작성자 없음,0,
7059186,제목 없음,작성자 없음,0,
7059185,제목 없음,작성자 없음,0,
7059184,제목 없음,작성자 없음,0,
7059183,제목 없음,작성자 없음,0,
7059182,제목 없음,작성자 없음,0,
7059181,제목 없음,작성자 없음,0,
7059180,제목 없음,작성자 없음,0,
7059179,제목 없음,작성자 없음,0,
7059178,제목 없음,작성자 없음,0,
7059177,제목 없음,작성자 없음,0,
7059176,제목 없음,작성자 없음,0,
7059175,제목 없음,작성자 없음,0,
7059174,제목 없음,작성자 없음,0,
7059173,제목 없음,작성자 없음,0,
7059172,제목 없음,작성자 없음,0,
7059171,제목 없음,작성자 없음,0,
7059170,제목 없음,작성자 없음,0,
7059169,제목 없음,작성자 없음,0,
7059168,제목 없음,작성자 없음,0,
7059167,제목 없음,작성자 없음,0,
7059166,제목 없음,작성자 없음,0,
7059165,제목 없음,작성자 없음,0,
7059163,제목 없음,작성자 없음,0,
7059162,제목 없음,작성자 없음,0,
7059161,제목 없음,작성자 없음,0,
7059160,제목 없음,작성자 없음,0,
7059159,제목 없음,작성자 없음,0,
7059158,제목 없음,작성자 없음,0,
7059157,제목 없음,작성자 없음,0,
7059156,제목 없음,작성자 없음,0,
7059155,제목 없음,작성자 없음,0,
7059154,제목 없음,작성자 없음,0,
7059153,제목 없음,작성자 없음,0,
7059152,제목 없음,작성자 없음,0,
7059151,제목 없음,작성자 없음,0,
7059150,제목 없음,작성자 없음,0,
7059149,제목 없음,작성자 없음,0,
7059148,제목 없음,작성자 없음,0,
7059147,제목 없음,작성자 없음,0,
7059146,제목 없음,작성자 없음,0,
7059145,제목 없음,작성자 없음,0,
7059144,제목 없음,작성자 없음,0,
7059143,제목 없음,작성자 없음,0,
7059142,제목 없음,작성자 없음,0,
7059141,제목 없음,작성자 없음,0,
7059140,제목 없음,작성자 없음,0,
7059139,제목 없음,작성자 없음,0,
7059138,제목 없음,작성자 없음,0,
7059137,제목 없음,작성자 없음,0,
7059136,제목 없음,작성자 없음,0,
7059135,제목 없음,작성자 없음,0,
7059134,제목 없음,작성자 없음,0,
7059133,제목 없음,작성자 없음,0,
7059132,제목 없음,작성자 없음,0,
7059131,제목 없음,작성자 없음,0,
7059130,제목 없음,작성자 없음,0,
7059129,제목 없음,작성자 없음,0,
7059128,제목 없음,작성자 없음,0,
7059127,제목 없음,작성자 없음,0,
7059126,제목 없음,작성자 없음,0,
7059125,제목 없음,작성자 없음,0,
7059124,제목 없음,작성자 없음,0,
7059123,제목 없음,작성자 없음,0,
7059122,제목 없음,작성자 없음,0,
7059121,제목 없음,작성자 없음,0,
7059120,제목 없음,작성자 없음,0,
7059119,제목 없음,작성자 없음,0,
7059118,제목 없음,작성자 없음,0,
7059117,제목 없음,작성자 없음,0,
7059116,제목 없음,작성자 없음,0,
7059115,제목 없음,작성자 없음,0,
7059114,제목 없음,작성자 없음,0,
7059113,제목 없음,작성자 없음,0,
7059112,제목 없음,작성자 없음,0,
7059111,제목 없음,작성자 없음,0,
7059110,제목 없음,작성자 없음,0,
7059109,제목 없음,작성자 없음,0,
7059108,제목 없음,작성자 없음,0,
7059107,제목 없음,작성자 없음,0,
7059106,제목 없음,작성자 없음,0,
7059105,제목 없음,작성자 없음,0,
7059104,제목 없음,작성자 없음,0,
7059103,제목 없음,작성자 없음,0,
7059102,제목 없음,작성자 없음,0,
7059101,제목 없음,작성자 없음,0,
7059100,제목 없음,작성자 없음,0,
7059099,제목 없음,작성자 없음,0,
7059098,제목 없음,작성자 없음,0,
7059097,제목 없음,작성자 없음,0,
7059096,제목 없음,작성자 없음,0,
7059095,제목 없음,작성자 없음,0,
7059094,제목 없음,작성자 없음,0,
7059093,제목 없음,작성자 없음,0,
7059092,제목 없음,작성자 없음,0,
7059091,제목 없음,작성자 없음,0,
7059090,제목 없음,작성자 없음,0,
7059089,제목 없음,작성자 없음,0,
7059088,제목 없음,작성자 없음,0,
7059087,제목 없음,작성자 없음,0,
7059086,제목 없음,작성자 없음,0,
7059084,제목 없음,작성자 없음,0,
7059083,제목 없음,작성자 없음,0,
7059082,제목 없음,작성자 없음,0,
7059081,제목 없음,작성자 없음,0,
7059080,제목 없음,작성자 없음,0,
7059079,제목 없음,작성자 없음,0,
7059078,제목 없음,작성자 없음,0,
7059077,제목 없음,작성자 없음,0,
7059076,제목 없음,작성자 없음,0,
7059075,제목 없음,작성자 없음,0,
7059074,제목 없음,작성자 없음,0,
7059073,제목 없음,작성자 없음,0,
7059072,제목 없음,작성자 없음,0,
7059071,제목 없음,작성자 없음,0,
7059070,제목 없음,작성자 없음,0,
7059069,제목 없음,작성자 없음,0,
7059068,제목 없음,작성자 없음,0,
7059067,제목 없음,작성자 없음,0,
7059066,제목 없음,작성자 없음,0,
7059065,제목 없음,작성자 없음,0,
7059064,제목 없음,작성자 없음,0,
7059063,제목 없음,작성자 없음,0,
7059062,제목 없음,작성자 없음,0,
7059061,제목 없음,작성자 없음,0,
7059060,제목 없음,작성자 없음,0,
7059059,제목 없음,작성자 없음,0,
7059058,제목 없음,작성자 없음,0,
7059057,제목 없음,작성자 없음,0,
7059056,제목 없음,작성자 없음,0,
7059054,제목 없음,작성자 없음,0,
7059053,제목 없음,작성자 없음,0,
7059052,제목 없음,작성자 없음,0,
7059051,제목 없음,작성자 없음,0,
7059050,제목 없음,작성자 없음,0,
7059049,제목 없음,작성자 없음,0,
7059048,제목 없음,작성자 없음,0,
7059047,제목 없음,작성자 없음,0,
7059046,제목 없음,작성자 없음,0,
7059045,제목 없음,작성자 없음,0,
7059044,제목 없음,작성자 없음,0,
7059043,제목 없음,작성자 없음,0,
7059042,제목 없음,작성자 없음,0,
7059041,제목 없음,작성자 없음,0,
7059040,제목 없음,작성자 없음,0,
7059039,제목 없음,작성자 없음,0,
7059038,제목 없음,작성자 없음,0,
7059037,제목 없음,작성자 없음,0,
7059036,제목 없음,작성자 없음,0,
7059035,제목 없음,작성자 없음,0,
7059034,제목 없음,작성자 없음,0,
7059033,제목 없음,작성자 없음,0,
7059032,제목 없음,작성자 없음,0,
7059031,제목 없음,작성자 없음,0,
7059030,제목 없음,작성자 없음,0,
7059029,제목 없음,작성자 없음,0,
