ID,Title,Author,View,Image
7057555,사먹지 말고 집에서 담궈 드세요! ‘새우장덮밥’ 레시피 입니다.,쿠킹빈,5,https://recipe1.ezmember.co.kr/cache/recipe/2025/07/10/a0fa71f4a73dd190e3b2d9dd3332db3a1_m.jpg
7057554,집에서 제대로 먹는 쌈밥 ‘호박잎쌈밥’ 레시피 입니다.,쿠킹빈,9,https://recipe1.ezmember.co.kr/cache/recipe/2025/07/10/578e664576095ac79a401f364ceaac171_m.jpg
7057553,참나물 듬뿍 활용 맛있는 참나물훈제오리파스타,잇프피,8,https://recipe1.ezmember.co.kr/cache/recipe/2025/07/10/da1e365dbde49c4613cb0056e4b3fd481_m.png
7057552,불닭(돈가스) 카레 소시지 덮밥,보하,6,https://recipe1.ezmember.co.kr/cache/recipe/2025/07/10/3a0a8a3bd96e4d1186f52762c29882391_m.jpg
7057551,인절미 빙수 만들기,효니,3,https://recipe1.ezmember.co.kr/cache/recipe/2025/07/10/75aa2ceca6dd4919abcdd673d9ca87e31_m.jpg
7057550,참치김치볶음 만드는 법 / 두부김치 / 볶음김치 레시피 / 참치캔요리,심플민,7,https://recipe1.ezmember.co.kr/cache/recipe/2025/07/10/04359d45d49ade4c89d1df312577fed11_m.jpg
7057549,오이참치마요김밥,올테언니,5,https://recipe1.ezmember.co.kr/cache/recipe/2025/07/10/c7fb1b05b3a8b1aeb111d8a8bc4e51361_m.png
7057548,감자샐러드 만들기 계란감자 모닝빵 샌드위치 감자요리,심플민,7,https://recipe1.ezmember.co.kr/cache/recipe/2025/07/10/a95bdf4fee92f22fe04ba2b1a6655a2a1_m.jpg
7057547,떡갈비를 더 맛있게 먹는 치즈 떡갈비 스테이크 만들기,나래노리Narae,9,https://recipe1.ezmember.co.kr/cache/recipe/2025/07/10/485d780fb9c6b9d6df77adeff3e05fc91_m.jpg
7057546,연어 요리 레시피 : 냉동연어로 연어간장조림 만들기 +마늘쫑!,임메추,4,https://recipe1.ezmember.co.kr/cache/recipe/2025/07/10/66158d148a43b33febad0f0361cd5cf01_m.jpg
7057545,내 몸을 젊게 만드는 라이블리 스무디 연두 버전,완두,19,https://recipe1.ezmember.co.kr/cache/recipe/2025/07/10/b48c47ceaa818139b9fef206620df5d21_m.jpg
7057544,방울토마토마리네이드,만개의레시피,7,https://recipe1.ezmember.co.kr/cache/recipe/2025/07/10/3f05dc21d2d3bf449c1e35864dadbc021_m.jpg
7057543,초당옥수수콘립,만개의레시피,6,https://recipe1.ezmember.co.kr/cache/recipe/2025/07/10/1be5536e014117c809bfea376e795a0b1_m.jpg
7057542,밥도둑 스팸 감자짜글이 레시피 / 고추장 짜글이찌개,열려라쿡,9,https://recipe1.ezmember.co.kr/cache/recipe/2025/07/10/2e9c4fee3a53fc7b3a8bc5a29b7a90461_m.jpg
7057541,콩나물 오이냉채 반찬가게 1등 밑반찬 레시피,음식중개사,11,https://recipe1.ezmember.co.kr/cache/recipe/2025/07/10/8ec24bdc67127117ec7b194d7cd75e001_m.jpg
7057540,오이냉국만드는법~육수없이 간단 여름냉국,노란장미,15,https://recipe1.ezmember.co.kr/cache/recipe/2025/06/29/ba341e28d2e765520cb1b4a59f47c27b1_m.jpg
7057539,냉면육수로 간단하게 만드는 가지냉국,엘라피,9,https://recipe1.ezmember.co.kr/cache/recipe/2025/07/10/2941ca74c2cbe73ba248fd3c65be90371_m.jpg
7057538,여름엔 오이냉국!!,한입만아내,14,https://recipe1.ezmember.co.kr/cache/recipe/2025/06/26/ec644c97596dab7b474c65cef45b91e11_m.png
7057537,면역력 높여요! 제철요리 마늘양파볶음,홈쿡쌤,30,https://recipe1.ezmember.co.kr/cache/recipe/2025/07/10/f71f56dbdcc37aca054283082d1390421_m.jpg
7057536,뚝딱! 주말밥상 냉장고 재료로 한끼 완성!,홈쿡쌤,34,https://recipe1.ezmember.co.kr/cache/recipe/2025/07/10/5d4859756ec7bcf828e8edc39cc4a9f81_m.jpg
7057535,제철 감자로 뚝딱! 담백한 맑은 감잣국 레시피,홈쿡쌤,17,https://recipe1.ezmember.co.kr/cache/recipe/2025/07/10/b3a3732a0a9deb57be2131290a22ea3b1_m.jpg
7057534,"제철음식, 색다른 맛! 감자계란말이",홈쿡쌤,17,https://recipe1.ezmember.co.kr/cache/recipe/2025/07/10/f47c2971aedcb75025672adf8a46f9c81_m.jpg
7057533,"다이어트 요리, 뱃살걱정 no no! 밥 없는 김밥",홈쿡쌤,13,https://recipe1.ezmember.co.kr/cache/recipe/2025/07/10/1b9440bf3bae8e14c371e8e9c0e4b3671_m.jpg
7057532,"홍콩식 돼지고기감자볶음 레시피, 홍콩 맛집 애문생 메뉴 따라하기!",매들린,13,https://recipe1.ezmember.co.kr/cache/recipe/2025/07/10/b90b515809f900ce277665a1e362472d1_m.jpg
7057531,참치 김치찌개 맛있게 끓이는법,뚜루,8,https://recipe1.ezmember.co.kr/cache/recipe/2025/07/10/c741782d4e6276350e0802b924939fa61_m.jpg
7057530,"팽이버섯 한봉지로 이런 맛이, 바삭바삭 맛있는 팽이버섯 튀김",코코아마녀의건강한집밥,6,https://recipe1.ezmember.co.kr/cache/recipe/2025/07/10/8651fb475b1a1b7877d695c4cab46aa31_m.jpg
7057529,브로콜리 데치기 시간 세척,뚜루,5,https://recipe1.ezmember.co.kr/cache/recipe/2025/07/10/3759708983b5923b353b91f5989b50731_m.jpg
7057528,또띠아 치즈 피자 만들기 / 어린이 간식,뚜루,11,https://recipe1.ezmember.co.kr/cache/recipe/2025/07/10/ccd357eaa1ca82fa33dfec2f8374c5621_m.jpg
7057527,매콤 감칠맛 폭발! 닭볶음탕 양념장 황금레시피,haru,11,https://recipe1.ezmember.co.kr/cache/recipe/2025/07/10/3a516c5abe7605f82e8c0f8f99e78fc11_m.jpg
7057526,유자향 가득한 시원한 비빔국수 레시피 / 유자청비빔국수 만들기,선무당,12,https://recipe1.ezmember.co.kr/cache/recipe/2025/07/10/6cf78ccb71d6fd0677054fdb02c9531f1_m.jpg
7057525,팟타이 방구석에서 즐기는 태국 여행~! 파타이 소스 태국식 볶음 쌀국수 레시피,태화식품공업(주),9,https://recipe1.ezmember.co.kr/cache/recipe/2025/07/10/33b01555438b6c5714ea0080e8d73aed1_m.jpg
7057524,만능 샐러드! 크랜베리 고구마 무스,내맛대로요리레시피,11,https://recipe1.ezmember.co.kr/cache/recipe/2025/07/10/cdf1ae926efe53b4ef4c9f63019acf591_m.jpg
7057523,제철 쑥갓나물무침 황금레시피 여름5-6월 도시락밑반찬,햇살머금은집,9,https://recipe1.ezmember.co.kr/cache/recipe/2025/07/10/e13c3c68fb9840d9c9ce59365e54a6811_m.jpg
7057522,#닭고기요리 #닭죽만들기 #들깨삼계탕육수활용 #영양죽 #닭가슴살통조림,강철새잎,8,https://recipe1.ezmember.co.kr/cache/recipe/2025/07/10/ef1bb77d6744737a61a505c4479be1721_m.jpg
7057521,아욱 두부 된장국,소담식탁,10,https://recipe1.ezmember.co.kr/cache/recipe/2025/07/10/6bc1de57cc3e28c6e142d69005d7ca631_m.jpg
7057520,찐감자에 모짜렐라 넣어 만드는 초간단 감자치즈전 / 치즈감자전,굼빛라이프,15,https://recipe1.ezmember.co.kr/cache/recipe/2025/07/10/b644d33694b167c4363c28e2de03b7461_m.jpg
7057519,"밥 대신 두부! 다이어트 유부초밥 레시피, 두부요리",몽글쿡,8,https://recipe1.ezmember.co.kr/cache/recipe/2025/07/10/652fabf72d3c5f6a92e736c9c6fafd5e1_m.jpg
7057518,"크루통 간식 레시피, 식빵테두리로 쉽게 만드는 바삭한 크루통!",몽글쿡,9,https://recipe1.ezmember.co.kr/cache/recipe/2025/07/10/b0a7c29cd1f63cde8ca4437e0ebd08091_m.jpg
7057517,김밥 밥 말고 얹기만 하면 끝! 2배 더 간편한 신개념 김밥 (불없이),아임레시피,16,https://recipe1.ezmember.co.kr/cache/recipe/2025/07/10/24757456f9f9acc1bdb21dd8147a7f041_m.jpg
7057516,두리문 시원한 숙주 오이 냉채 레시피 / 오이냉국 레시피,두리문,11,https://recipe1.ezmember.co.kr/cache/recipe/2025/07/10/5899c93baa8022fc4a08ee8b5a5175d31_m.jpg
7057515,그라노 파다노 치즈 파스타( 페페론치노 스타일),밥심은국력,13,https://recipe1.ezmember.co.kr/cache/recipe/2025/07/10/c72ddf4d79e5492734af98428f33bb301_m.jpg
7057514,고구마 튀김만들기 / 고구마전 만드는법 / 고구마부침개 레시피 / 고구마요리,요리백과사전,14,https://recipe1.ezmember.co.kr/cache/recipe/2025/07/10/715f42a8023746334f0a475c539fe8ac1_m.jpg
7057513,[전복표고솥밥] 여름 특선 보양식,요리하는디자이너,11,https://recipe1.ezmember.co.kr/cache/recipe/2025/07/07/3d54981cf089c11d1fa0eee4acd0a8c31_m.jpg
7057512,통조림 요리의 혁명! 골뱅이볶음 하나면 충분합니다,푸드디렉터요알남,17,https://recipe1.ezmember.co.kr/cache/recipe/2025/06/28/c71fc27225fb9ea41766b716ab3509aa1_m.jpg
7057511,돼지고기 짜장 만들기 / 양파짜장 레시피 / 짜장라이스 만드는법 / 양파요리,요리백과사전,11,https://recipe1.ezmember.co.kr/cache/recipe/2025/07/10/1a9b4bb0028995895ef44e300783ba881_m.jpg
7057510,96.열무김치(ft.감자풀로)(2025.7.10),벚꽃조이나,31,https://recipe1.ezmember.co.kr/cache/recipe/2025/06/26/86e49fb87f18a994276e8618365b6a901_m.jpg
7057509,쫄깃한 씹힘과 녹진한 국물맛이 일품 #감자옹심이,청담거사,22,https://recipe1.ezmember.co.kr/cache/recipe/2025/07/10/117c734a4be9a1fde8e3a7905f3121a61_m.jpg
7057508,바질페스토볶음밥,또시,56,https://recipe1.ezmember.co.kr/cache/recipe/2025/07/10/cbe262cad171aad1126c5addb248531a1_m.jpg
7057507,밀푀유 나베 만들기,요리재능발견,14,https://recipe1.ezmember.co.kr/cache/recipe/2025/07/03/ea0b210169a402989cd51b5189d5daa11_m.jpg
7057506,간단 안주요리 / 비오는날술안주 감자요리 / 감자채김치전 / 감자김치전,쿡따라,24,https://recipe1.ezmember.co.kr/cache/recipe/2025/07/09/696af17c2c9606bcb4a842493305de021_m.jpg
7057505,7월 반찬메뉴 여름음식 냉요리 / 여름별미 / 여름반찬 유부요리 / 유부냉국,쿡따라,27,https://recipe1.ezmember.co.kr/cache/recipe/2025/07/09/1a73943cd84b8a384ae953bb70b9c5371_m.jpg
7057504,단호박 에그슬럿 만들기,반이짝이,14,https://recipe1.ezmember.co.kr/cache/recipe/2025/07/10/7d725c70659af3e5db71dc75f4271cb71_m.jpg
7057503,양파카라멜라이징 카레 레시피 / 체 고형카레 만드는 법 / 카레재료,심플민,15,https://recipe1.ezmember.co.kr/cache/recipe/2025/07/09/859f4e8d0e2c76fe1a4c9e3f726b2b1c1_m.jpg
7057502,바삭 쫀득 믹서기 감자전 만드는 법 감자요리,심플민,41,https://recipe1.ezmember.co.kr/cache/recipe/2025/07/09/1d8a701003cae1636fe952a0b527c77f1_m.jpg
7057501,쉽게 만드는 호박전 레시피,요리조이,19,https://recipe1.ezmember.co.kr/cache/recipe/2025/07/08/3752e8dcb6fc2e4ee4f8a6590ddf19721_m.jpg
7057500,"도시락반찬메뉴로 좋은 야채계란말이, 소세지계란말이 만들기",꼬꼬부기,9,https://recipe1.ezmember.co.kr/cache/recipe/2025/07/09/321c0c12003cfc30c00a0d2178d941321_m.jpg
7057499,닭고기 간장 조림,고우니,25,https://recipe1.ezmember.co.kr/cache/recipe/2025/07/09/7a1e0d71eb147dfdaa8d872572b62e431_m.jpg
7057498,다이어트 로제떡볶이(감자떡),땅콩,21,https://recipe1.ezmember.co.kr/cache/recipe/2025/07/08/1c66e82afc5381e1c1980e4fee572f051_m.png
7057497,치즈 감자채전 레시피 / 감자전 만드는법,춤추는루나,23,https://recipe1.ezmember.co.kr/cache/recipe/2025/07/09/8a0f0f7c962f3f9f25725fb18c819fbd1_m.jpg
7057496,간단 잡채 만들기 / 잡채고기 / 돼지고기 황금레시피,춤추는루나,20,https://recipe1.ezmember.co.kr/cache/recipe/2025/07/09/4b603353f593bcf4f3c1b200bcf6ba801_m.jpg
7057495,돼지갈비 양념 재우기 LA돼지갈비 구이 굽는 법,춤추는루나,18,https://recipe1.ezmember.co.kr/cache/recipe/2025/07/08/4b25ebeccd1b43213bbbaecd683f8a3e1_m.jpg
7057494,"밥도둑 밑반찬, 매콤한 꽈리고추 어묵 조림 만들기",쑤니이,10,https://recipe1.ezmember.co.kr/cache/recipe/2025/06/30/71b88e69ee82cb835a28161611f5c2331_m.jpg
7057493,감자볶음 레시피 / 감자 맛살 볶음,승승맘h2,13,https://recipe1.ezmember.co.kr/cache/recipe/2025/07/09/3c3e91f549534983fdb7a32e68e0cd441_m.jpg
7057492,기력보충으로 여름보양식 담백하고 쫀득한 장어덮밥,뿡씨스터즈,23,https://recipe1.ezmember.co.kr/cache/recipe/2025/07/09/c40dca84a0b2de596bad36fb58bb54b61_m.jpg
7057491,꿀로 버무린 부드러운 견과류강정,뿡씨스터즈,18,https://recipe1.ezmember.co.kr/cache/recipe/2025/07/09/7e2e4cacfebbf0dac6f8cb4f344920f81_m.jpg
7057490,평생 써먹을 보양식 초간단 돼지등갈비찜 / 등갈비간장조림,동그랑,28,https://recipe1.ezmember.co.kr/cache/recipe/2025/07/09/6e46a31b8cba4258eda2abfb3b2c909b1_m.jpg
7057489,복숭아 통조림 병조림 / 여름과일 디저트 만들기,동그랑,13,https://recipe1.ezmember.co.kr/cache/recipe/2025/07/09/21ace91733f6bf8a18622daa5dcc1c0f1_m.jpg
7057488,복날 보양식 전복 삼계탕 / 백숙 만들기,동그랑,25,https://recipe1.ezmember.co.kr/cache/recipe/2025/07/09/13caa73fae111dfdd7ec1fac1a13d57f1_m.jpg
7057487,깻잎 무침 / 깻잎 양념장 짜지않게 만들기,하늘바라기,22,https://recipe1.ezmember.co.kr/cache/recipe/2025/07/09/6a536e491aaf297a81998ce7b45901cc1_m.jpg
7057486,코스트코 등갈비 간장등갈비찜 / 매운등갈비찜 만들기,하늘바라기,22,https://recipe1.ezmember.co.kr/cache/recipe/2025/07/05/4ee2e6a9102a50fa64ead9858c12f7091_m.jpg
7057485,참치 열무비빔밥 만드는법 혼밥 메뉴 추천 레시피,우당탕탕숏다&롱다레시피,26,https://recipe1.ezmember.co.kr/cache/recipe/2025/07/09/743cf3c529a11fccff362aa5f72b791d1_m.jpg
7057484,편스토랑 감자 버터구이 / 휴게소 감자 만들기 / 감자요리,우당탕탕숏다&롱다레시피,40,https://recipe1.ezmember.co.kr/cache/recipe/2025/07/09/720e8519ba3064f561f657fe841453711_m.jpg
7057483,깻잎짱아찌,봄봄,10,https://recipe1.ezmember.co.kr/cache/recipe/2025/07/09/bbf9ce22a723ffffd9949e8bbd77de461_m.jpg
7057482,꽈리고추소시지볶음,봄봄,13,https://recipe1.ezmember.co.kr/cache/recipe/2025/07/09/8a9566355d3a3d807925ba9e91336a681_m.jpg
7057481,아몬드 멸치볶음 레시피 / 바삭한 잔멸치 볶음 만들기,오하나키친,16,https://recipe1.ezmember.co.kr/cache/recipe/2025/07/09/aa7334ac2dbd15c49d47ad5873df61431_m.jpg
7057480,고추장 진미채볶음 레시피 / 오징어 진미채 양념 황금레시피,오하나키친,23,https://recipe1.ezmember.co.kr/cache/recipe/2025/07/09/e143b4674a171f1a1e2a119db92aa4d01_m.jpg
7057479,머위나물볶음,봄봄,10,https://recipe1.ezmember.co.kr/cache/recipe/2025/07/09/256b0761e9394c258ee4076266af277b1_m.jpg
7057478,전복솥밥만들기. 부추 전복 무쇠냄비 솥밥 하는법 .시간 feat. 달래장 레시피,오하나키친,24,https://recipe1.ezmember.co.kr/cache/recipe/2025/07/09/780d726ab56926dfcc79a761ee6a16461_m.jpg
7057477,상추 깻잎 계란말이,그미네,14,https://recipe1.ezmember.co.kr/cache/recipe/2025/07/07/91615f7a342051a4bea0249e6629d56f1_m.jpg
7057476,그릭요거트오이샐러드 / 다이어트샐러드 어떤빵이든 올려먹으면 맛있는샐러드 레시피,밥도둑여사,28,https://recipe1.ezmember.co.kr/cache/recipe/2025/07/09/30d3536f124a35160041cc2eae85ced81_m.jpg
7057475,냉이요리 / 소고기 냉이된장찌개 레시피 / 된장찌개끓이기,오하나키친,6,https://recipe1.ezmember.co.kr/cache/recipe/2025/07/09/91dc1e2b09f706906e6ffc0512508d7c1_m.jpg
7057474,바베큐 폭립 레시피 / 홈파티요리 / 굽는 시간 / 재료 / 돼지등갈비 바베큐 소스,오하나키친,16,https://recipe1.ezmember.co.kr/cache/recipe/2025/07/09/918cdf97b193ada91b65930ba9946c6a1_m.jpg
7057473,밥솥으로 누룽지닭백숙 만들기 전기밥솥 백숙 몸보신 기력보충 보양식,요리하는지나아씨,33,https://recipe1.ezmember.co.kr/cache/recipe/2025/07/09/a122b0348ba9bcc9a1cc6c1bef4df1451_m.jpg
7057472,투다리 김치우동 레시피 / 김치 어묵우동,뚜루,18,https://recipe1.ezmember.co.kr/cache/recipe/2025/07/09/ff92f4020ea3d9a895248edc4389e5a51_m.jpg
7057471,기력 보충 담백깔끔한 묵은지 육회 말이,whisperH,25,https://recipe1.ezmember.co.kr/cache/recipe/2025/07/09/255de034dca8bcc43ed93606abde5a531_m.jpg
7057470,돼지갈비 튀김,tmfrl****,15,https://recipe1.ezmember.co.kr/cache/recipe/2025/07/09/4aa19b753fdeaefd8d450a2b0bf080a81_m.jpg
7057469,냉제육 만들기 / 냉수육 여름 보양식으로 딱!,뚜루,20,https://recipe1.ezmember.co.kr/cache/recipe/2025/07/09/c29e1e5cf70e92e832699bd6718f34431_m.jpg
7057468,돈까스 김밥 만들기 집김밥,뚜루,16,https://recipe1.ezmember.co.kr/cache/recipe/2025/07/09/8df4b7b018e6601a7b69c36b492a753c1_m.jpg
7057467,[여름보양식] 쫄깃한 문어와 상큼한 소스의 만남! 스페인식 문어 감자 샐러드,lemontree,28,https://recipe1.ezmember.co.kr/cache/recipe/2025/07/09/26e6fad397a9361c39953294bc77328d1_m.jpg
7057466,찰옥수수 삶는법 / 압력솥옥수수 삶는시간 / 여름제철간식 / 옥수수고르는법,포우맘의요리,69,https://recipe1.ezmember.co.kr/cache/recipe/2025/07/09/fd6a760f363a24f3009f827d09b371f91_m.jpg
7057465,칠리 애호박 구이 초간단 레시피,음식중개사,24,https://recipe1.ezmember.co.kr/cache/recipe/2025/07/09/ba3ba78ae34d21a6de7778653360e8b21_m.jpg
7057464,홈브런치 추천 바질크림파스타만들기 / 파스타재료 / 바질페스토요리,쿠짱,19,https://recipe1.ezmember.co.kr/cache/recipe/2025/07/09/023a3b6c63c31151396e91e3fe3e55d31_m.jpg
7057463,계란당근 김밥만들기 / 간단김밥재료,여사장,26,https://recipe1.ezmember.co.kr/cache/recipe/2025/07/09/20f9d0dd8e48441d7df4eac303d395b81_m.jpg
7057462,냉면육수 없이 만드는 맛있는 오이냉국 칼칼버전 새콤달콤버전 두가지,코코아마녀의건강한집밥,36,https://recipe1.ezmember.co.kr/cache/recipe/2025/07/09/0a395a43429b1df500b3c28b0c99be9a1_m.jpg
7057461,콩잎 물김치 레시피 / 여름 물김치 / 콩잎 쌈 / 콩잎 물김치 담그기,르미엄마,20,https://recipe1.ezmember.co.kr/cache/recipe/2025/07/09/2428a9e11145a468304e150f475615221_m.jpg
7057460,#닭요리 #호수삼계탕따라하기 #들깨누룽지삼계탕만들기 #삼계탕약재재료 #누룽지 #들깨가루,강철새잎,19,https://recipe1.ezmember.co.kr/cache/recipe/2025/07/09/a4f5cdda1cd989bd0b1c1fc3b0e1b5111_m.jpg
7057459,라면보다 더 쉬운! 콩물가루 콩국수,내맛대로요리레시피,34,https://recipe1.ezmember.co.kr/cache/recipe/2025/07/09/1b61b2457bef343780e51cbd9ed3b12f1_m.jpg
7057458,"상큼하고 고소한 여름 한 접시, 그라노 파다노 치즈 샐러드 &파인애플 드레싱",밥심은국력,13,https://recipe1.ezmember.co.kr/cache/recipe/2025/07/09/9e57f77dae212a456a9ba179ac61b5d91_m.jpg
7057457,아이들 최애 소고기 양파 카레,엘라피,19,https://recipe1.ezmember.co.kr/cache/recipe/2025/07/09/064de108a6fd8fc8ab0d02c9e70c54ea1_m.jpg
7057456,두리문 상추 샐러드 간단하게 만들기 / 상추 요리 추천! 상추 샐러드소스,두리문,10,https://recipe1.ezmember.co.kr/cache/recipe/2025/07/09/283a51352af15ad52a5273d94d05f2441_m.jpg
7057455,꼬들 치자 단무지무침 도시락 여름별미 반찬,햇살머금은집,10,https://recipe1.ezmember.co.kr/cache/recipe/2025/07/09/f1926320c2d8bda621005b3dab3301861_m.jpg
7057454,큐브샐러드 두부 넣어 단백질까지 챙긴 든든한 샐러드,아임레시피,11,https://recipe1.ezmember.co.kr/cache/recipe/2025/07/09/e4f01960cee8876af5b75a57733c09871_m.jpg
7057453,바로 무쳐먹는 고추장 오이무침 레시피,오늘반찬,31,https://recipe1.ezmember.co.kr/cache/recipe/2025/07/09/6619db347654d72d90ba6de8684040441_m.jpg
7057452,신선복숭아빙수 만들기~신선복숭아 후숙 / 보관 / 복숭아베이글샌드위치,노란장미,14,https://recipe1.ezmember.co.kr/cache/recipe/2024/08/16/034c8bb473b45f13bb03acdcda9cd24c1_m.jpg
7057451,알토란 오이쑥갓무침 레시피 / 오이반찬 / 두반장 오이쑥갓무침 만들기,에궁이궁,20,https://recipe1.ezmember.co.kr/cache/recipe/2025/07/05/e69524a1488fee14eeb21a4a4c42c3661_m.jpg
7057450,바삭바삭한 고구마전 만들기 / 고구마채전 만드는법 / 고구마부침개 레시피 / 고구마요리,요리백과사전,16,https://recipe1.ezmember.co.kr/cache/recipe/2025/07/09/956266558e739d94ec67e263b0b32f5d1_m.jpg
7057449,여름철 입맛 없을때 최고~하얀 열무물김치 담그기,김진옥요리가좋다,38,https://recipe1.ezmember.co.kr/cache/recipe/2025/07/09/86b673a54d53105a797cdffa0ea9ba441_m.png
7057448,[바나나브륄레] 바나나 토치구이,요리하는디자이너,10,https://recipe1.ezmember.co.kr/cache/recipe/2025/07/09/599b08057adaa733b88271a49a6828bc1_m.jpg
7057447,"국물닭볶음탕 황금레시피, 잡내없이 깊은 감칠맛 닭볶음탕 만드는법",몽글쿡,180,https://recipe1.ezmember.co.kr/cache/recipe/2025/07/09/d1869e60a0f9c02498dc100e4b7a39041_m.jpg
7057446,더위로 짜증~이제그만 피로회복에 좋은 #죽순 들깨볶음,청담거사,26,https://recipe1.ezmember.co.kr/cache/recipe/2025/07/09/47f9b82121694ab26e378f6f409ce20b1_m.jpg
7057445,95.하지감자조림(ft.부서지지 않는)(2025.7.9),벚꽃조이나,125,https://recipe1.ezmember.co.kr/cache/recipe/2025/06/25/4f12f7e6d0299e4547daeef373d33f5b1_m.jpg
7057444,편스토랑 남윤수 무카레 레시피 무요리,요리백과사전,16,https://recipe1.ezmember.co.kr/cache/recipe/2025/07/09/c29ee0767ef0da9fa5c211d9978d435f1_m.jpg
7057443,닭한마리 레시피 소스 집에서 여름 보양식 만들기,써지니,26,https://recipe1.ezmember.co.kr/cache/recipe/2025/07/09/40b6cbf6baea051774706f51eaf1ad0a1_m.jpg
7057442,쪽파 계란말이,내맛대로요리레시피,8,https://recipe1.ezmember.co.kr/cache/recipe/2025/07/09/7e40a33d8488121054f4a7dc6179a9cd1_m.jpg
7057441,햄 김치 볶음밥 레시피,반이짝이,23,https://recipe1.ezmember.co.kr/cache/recipe/2025/07/08/d82f54ee70656ae89b5dfac523f17cfd1_m.jpg
7057440,"깊은맛 제대로! 사골김치찌개, 묵은지김치찌개 끓이는법",꼬꼬부기,13,https://recipe1.ezmember.co.kr/cache/recipe/2025/07/08/6b945a6cef2f3c89ba4aa91b639cc2181_m.jpg
7057439,오이냉국 레시피 / 황금 비율 미역 오이냉국 만드는 법,랑이쿡,602,https://recipe1.ezmember.co.kr/cache/recipe/2025/07/08/c726cae59273ae157540e164ff42c6531_m.jpg
7057438,멸치육수 잔치국수 레시피 간장 양념 레시피 간단한 잔치국수 만들기,랑이쿡,24,https://recipe1.ezmember.co.kr/cache/recipe/2025/07/08/e04f11e647f21f06d291a8dea0cb6b0b1_m.jpg
7057437,깻잎장아찌 만드는 법 / 깻잎절임 / 간장 깻잎장아찌 레시피,심플민,147,https://recipe1.ezmember.co.kr/cache/recipe/2025/07/08/cb96f80fa3a5c966321aa292d486eec81_m.jpg
7057436,바질 향 싹 퍼지는 [바질감자샐러드],채광eat,18,https://recipe1.ezmember.co.kr/cache/recipe/2025/07/06/e5320613da3c7961c2dfb66443a859a41_m.png
7057435,단무지 없이 김치김밥 만드는 법,랴니의간단레시피,22,https://recipe1.ezmember.co.kr/cache/recipe/2025/07/08/eb37536d6a4f627b35c8018a29c51d611_m.jpg
7057434,삶은 감자 요리 / 감자 타르트 만드는 법,깨주부,49,https://recipe1.ezmember.co.kr/cache/recipe/2025/07/08/fefe15acb9c988c11111dc1bb4bd000a1_m.jpg
7057433,오이소박이 담그는 법 / 알토란 천상현 오이소박이 / 초보자도 쉽게 도전할 수 있는 황금 레시피 여름김치 양념,예꿈이댁,78,https://recipe1.ezmember.co.kr/cache/recipe/2025/07/08/959391933f7629e09e90dc1f3a6554521_m.jpg
7057432,새우 타코 만들기 타코 소스 레시피,깨주부,21,https://recipe1.ezmember.co.kr/cache/recipe/2025/07/08/eca6aa26a7ba833be334cf220c22822e1_m.jpg
7057431,초간단 두부조림,거북이네,26,https://recipe1.ezmember.co.kr/cache/recipe/2025/07/08/5d593537d673bd3d7de255eb05747bb41_m.jpg
7057430,고추장찌개 레시피 돼지고기 애호박찌개 감자짜글이 만들기,심플민,85,https://recipe1.ezmember.co.kr/cache/recipe/2025/07/08/593657372990502fc04fc16e9ec364301_m.jpg
7057429,삼계탕 끓이는법 / 삼계탕 냄비 시간은? 보양식 레시피 / 생닭 세척 손질법,예꿈이댁,38,https://recipe1.ezmember.co.kr/cache/recipe/2025/07/08/9c374c212ff49922b720057a7a49500a1_m.jpg
7057428,나혼자산다 키 차지키소스 만들기 요즘 연예인 다이어트 샐러드 소스 비법 10분 완성 그릭요거트 요리,예꿈이댁,23,https://recipe1.ezmember.co.kr/cache/recipe/2025/07/08/ccfef7103501664c1783647092e011321_m.jpg
7057427,과일 플레이팅 예쁘게? 어렵지 않은 메론 멜론 자르는법 / 고르는법 / 후숙 보관법 / 7월 8월 제철 과일,예꿈이댁,12,https://recipe1.ezmember.co.kr/cache/recipe/2025/07/08/07757f49a05743b1292cae31064e0c6d1_m.jpg
7057426,초간단 깻잎 된장찌개,뿡씨스터즈,20,https://recipe1.ezmember.co.kr/cache/recipe/2025/07/08/c96bd637905f116910726162ba9c708c1_m.jpg
7057425,명란 마요 오이 감자 샐러드 만들기 / 감자샐러드 요리 레시피,배고픈엄마,23,https://recipe1.ezmember.co.kr/cache/recipe/2025/07/08/91608d1eb5ba99919e388d56d7ae4ea31_m.jpg
7057424,삼겹살 덮밥 부타동 만들기,소담식탁,39,https://recipe1.ezmember.co.kr/cache/recipe/2025/07/08/c46229bfe3b3e1f1235fbf9f153b3d5b1_m.jpg
7057423,새송이 덮밥,눈바래기,11,https://recipe1.ezmember.co.kr/cache/recipe/2025/07/08/9bebb3eefd5c3d41a0c57e6c4a8188751_m.jpg
7057421,소유의 초간단 고단백 다이어트 브라우니,잔근육,14,https://recipe1.ezmember.co.kr/cache/recipe/2025/07/08/8ebe40aeef6d6a9f5eac863f406ea9ca1_m.jpg
7057418,도토리묵 요리 냉면육수 활용 도토리 묵사발 만들기,춤추는루나,32,https://recipe1.ezmember.co.kr/cache/recipe/2025/07/08/50399c50f29cd164b2fec418a9a64a7c1_m.jpg
7057417,야채 싫어하는 아이들도 잘먹는 궁극의 ‘야채계란전’ 레시피를 소개합니다.,Onggurimother,37,https://recipe1.ezmember.co.kr/cache/recipe/2025/07/08/d2c848dad6470fb1f84b21b3106d4c891_m.jpg
7057416,미역오이냉국레시피 더운 여름 오이냉국수 한그릇요리,포우맘의요리,48,https://recipe1.ezmember.co.kr/cache/recipe/2025/07/08/92b1c27639ec2c7bf761915db6c050691_m.jpg
7057415,쉽고 간단한 맛보장 밑반찬 ‘진미채’,마쫌바,26,https://recipe1.ezmember.co.kr/cache/recipe/2025/07/08/50170e8d44a21d917a2faf0af92ff3b31_m.jpg
7057414,홍합미더덕찜 만들기!! 미더덕 엄청 넣은~ 미더덕찜,유주니네cooking,15,https://recipe1.ezmember.co.kr/cache/recipe/2024/05/28/0b5271fcdbee841ff467df4d3add479f1_m.jpg
7057413,트윅스 라떼 만들기,효니,372,https://recipe1.ezmember.co.kr/cache/recipe/2025/07/08/9dd6ab38915275555142189fed1ca8a61_m.jpg
7057412,만능의 엽떡음식 레시피 / 닭볶음탕,리사킴,36,https://recipe1.ezmember.co.kr/cache/recipe/2025/07/08/e8b53e43ed6fe51b1bfbab9e71246e7a1_m.jpg
7057411,평양식물냉면 밀키트~여름음식 물냉면,노란장미,22,https://recipe1.ezmember.co.kr/cache/recipe/2025/06/20/438246ad4d9cb21f01b249776854b7201_m.jpg
7057410,사먹지 말고 집에서 해드세요! ‘가리비 간장버터 볶음’ 레시피입니다~,Onggurimother,20,https://recipe1.ezmember.co.kr/cache/recipe/2025/07/08/bb466aa5384b0a7fc8b20b81340b3e9a1_m.jpg
7057409,묵은지대파 무수분수육,모야미,15,https://recipe1.ezmember.co.kr/cache/recipe/2025/07/08/d20eaaaa8783d6317aa7282c6a50d2991_m.jpg
7057408,지코바st 닭요리 / 지코바치킨 만들기 / 닭다리살볶음,라피네,43,https://recipe1.ezmember.co.kr/cache/recipe/2025/07/06/5f7f33ba7e2890b697dec82d5af38d0f1_m.jpg
7057407,전복 삼겹살 제육볶음,랴니의간단레시피,21,https://recipe1.ezmember.co.kr/cache/recipe/2025/07/08/1ad86cb4edfdf9e53c65dd3a56aa2b9b1_m.jpg
7057406,여름철에는 오이미역냉국 한그릇 오이냉국레시피,라피네,147,https://recipe1.ezmember.co.kr/cache/recipe/2025/07/07/fb8f6b58473e64c871a4f18dfb4a1d141_m.jpg
7057405,두부오이비빔밥 레시피 다이어트메뉴,라피네,27,https://recipe1.ezmember.co.kr/cache/recipe/2025/07/07/29e7d7a4f85a4744a31ff52592a58a3f1_m.jpg
7057403,애호박감자전 / 호박전 레시피 / 전요리 / 감자채전,라피네,72,https://recipe1.ezmember.co.kr/cache/recipe/2025/07/03/77de7e995b00ebf56090d6801363486d1_m.jpg
7057402,입맛 확 살리는 매콤함~ 땡초김밥 만들기,어쩌요화니키친,30,https://recipe1.ezmember.co.kr/cache/recipe/2025/07/08/ed323fe95c4a7b1ea38b07f02457fa391_m.jpg
7057401,온 가족이 즐기는 초강추 집밥 추천 메뉴 등갈비 김치찜 레시피,어쩌요화니키친,54,https://recipe1.ezmember.co.kr/cache/recipe/2025/07/08/9688ad91308a144fc168466410e4d0101_m.jpg
7057400,초울트라 간단 야식 겸 한끼 사천라면 레시피 (농심 사리곰탕면),어쩌요화니키친,26,https://recipe1.ezmember.co.kr/cache/recipe/2025/07/08/65f46247b7d1a1be54d8ca20de2afa8a1_m.jpg
7057399,차은우도 좋아할 달콤짭쪼름 쫄깃쫄깃함의 유혹.. 맛있는 한 끼 잡채 요리 잡채 덮밥 레시피,어쩌요화니키친,41,https://recipe1.ezmember.co.kr/cache/recipe/2025/07/08/5f2554bbb57c8fc638847200516ee5ab1_m.jpg
7057398,너무너무 쉽고 간단하게 즐기는 마라탕면 레시피,어쩌요화니키친,26,https://recipe1.ezmember.co.kr/cache/recipe/2025/07/08/e380499a915f93f8f4f4e1b51b328df41_m.jpg
7057397,성큼 다가온 봄을 즐기는 이색 버섯 구이 / 버섯의 색다른 변신 팽이버섯 구이 & 벚꽃 달래 구이,어쩌요화니키친,24,https://recipe1.ezmember.co.kr/cache/recipe/2025/07/08/11a54048abd59804ab904b4e72c48a261_m.jpg
7057396,또띠아 샌드위치 - 그릭요거트 치킨 또띠아롤 (치킨스낵랩),애티,23,https://recipe1.ezmember.co.kr/cache/recipe/2025/07/08/78d9097f3b91f1a1b171afd1ac68a5a21_m.jpg
7057395,"완죤 맛있는 영양만점 간식 요리 ""닭날개구이 레시피""",어쩌요화니키친,28,https://recipe1.ezmember.co.kr/cache/recipe/2025/07/08/df4be16e89719606fb5f96caffdb80401_m.jpg
7057394,쌀쌀한 봄 날씨에 햇감자로 봄기운을 즐기는 뜨끈뜨끈한 감자옹심이 레시피,어쩌요화니키친,34,https://recipe1.ezmember.co.kr/cache/recipe/2025/07/08/0eba10cd909ded82053e7f127d932a6e1_m.jpg
7057393,매콤한 김밥이 땡긴다면 추억의 청도할매김밥 레시피,어쩌요화니키친,44,https://recipe1.ezmember.co.kr/cache/recipe/2025/07/08/e10631447de552c090a9df96c845ebfe1_m.jpg
7057392,일요일에 즐기는 와플 팬케이크 브런치 레시피,어쩌요화니키친,25,https://recipe1.ezmember.co.kr/cache/recipe/2025/07/08/5418effb7b731fe5736a1344e4333e081_m.jpg
7057391,너무나 간단한 맛있는 또띠아 피자 레시피,어쩌요화니키친,29,https://recipe1.ezmember.co.kr/cache/recipe/2025/07/08/97911b63dc08ccb30c4372aaf19a5a071_m.jpg
7057390,청국장 황금 레시피 (사용 청국장-정지뜰청국장),애티,26,https://recipe1.ezmember.co.kr/cache/recipe/2025/07/08/ef3339d61ad790718e8c036d0176c3081_m.jpg
7057389,간단하게 만드는 두부의 무한한 변신 영양 가득한 새콤달콤고소한 탕수두부 레시피,어쩌요화니키친,26,https://recipe1.ezmember.co.kr/cache/recipe/2025/07/08/250282db83e13fb8ba1c59910b2c834e1_m.jpg
7057388,"부드럽게 말린 속삭임, 또띠아롤 / 또띠아랩 레시피 (치킨, 햄, 베이컨)",어쩌요화니키친,47,https://recipe1.ezmember.co.kr/cache/recipe/2025/07/08/56001b9e5867aad6b1e58c528f69b39f1_m.jpg
7057387,푸실리로 맛있는 샐러드 만들기(맛있는 샐러드드레싱),쎈쓰쟁이,27,https://recipe1.ezmember.co.kr/cache/recipe/2025/07/08/f9679abbaed3133fb84dac55448eb76c1_m.jpg
7057386,마트 연어손질,거북이네,11,https://recipe1.ezmember.co.kr/cache/recipe/2025/07/08/8dc84bbc7db28755a556a73c6aea49c81_m.jpg
7057385,봄의 향기를 마음껏 넣어버린 도토리묵무침 황금레시피,어쩌요화니키친,32,https://recipe1.ezmember.co.kr/cache/recipe/2025/07/08/311caaa3caf102a71f91a2438780ba781_m.jpg
7057384,노각무침 레시피 / 여름별미 늙은오이무침,셈초이의집밥,67,https://recipe1.ezmember.co.kr/cache/recipe/2025/07/08/8dd565b7b922e6e5513ba3cb980761821_m.jpg
7057383,"진하고 얼큰한 한 그릇, 신구리 라면의 매력~",밥심은국력,23,https://recipe1.ezmember.co.kr/cache/recipe/2025/07/08/c97957966c24eed13615c7cbba52b6371_m.jpg
7057382,"여름철 보약, 가지의 재발견, 불없이 만드는 초간단 전자레인지 가지나물",밥심은국력,44,https://recipe1.ezmember.co.kr/cache/recipe/2025/07/08/56649c03a9e42a2771801ebdea73a5431_m.jpg
7057381,한여름 무더위를 이겨낼 새콤달콤 시원한 열무국수용 열무얼갈이물김치 만들기,어쩌요화니키친,31,https://recipe1.ezmember.co.kr/cache/recipe/2025/07/08/f2edcc84f9649dff0ab768c2e3f6985d1_m.jpg
7057380,시원한 냉모밀 레시피 / 냉모밀 만들기,선무당,24,https://recipe1.ezmember.co.kr/cache/recipe/2025/07/08/67da00812afa86020996e357667081bb1_m.jpg
7057379,"남녀노소 좋아하는 건강한 간식 ""겉바속촉 감자채전 레시피""",어쩌요화니키친,55,https://recipe1.ezmember.co.kr/cache/recipe/2025/07/08/155e445990feaf1ce213ac8132539c8d1_m.jpg
7057378,"얼큰하고 진하게 끓여낸 마음 한그릇, 돼지김치찌개 레시피",어쩌요화니키친,25,https://recipe1.ezmember.co.kr/cache/recipe/2025/07/08/2134da4e36f34e60d5962b92d7b9e87c1_m.jpg
7057377,뚝딱 레시피 재첩국 한끼,뿡씨스터즈,9,https://recipe1.ezmember.co.kr/cache/recipe/2025/07/08/6840f0ac20bcc1cbe536c7b10a6eeb731_m.jpg
7057376,"속이 뜨끈해지는 한 그릇, 소고기무국 레시피",어쩌요화니키친,16,https://recipe1.ezmember.co.kr/cache/recipe/2025/07/08/cadf54efe7916e0a722e069b267907ef1_m.jpg
7057375,아이들의 영양 간식 쉬림프 치즈핫도그 레시피,어쩌요화니키친,22,https://recipe1.ezmember.co.kr/cache/recipe/2025/07/08/746a423eec96440dab8dae1225e08ed71_m.jpg
7057374,"들깨 오이무침 레시피, 입맛 살려주는 고소한 오이무침 밑반찬",몽글쿡,30,https://recipe1.ezmember.co.kr/cache/recipe/2025/07/08/3f6e8121f2a1bd222a045455eab79fa61_m.jpg
7057373,"부드러운 초코 티라미수만드는법, 노오븐디저트 레시피!",몽글쿡,9,https://recipe1.ezmember.co.kr/cache/recipe/2025/07/08/bd7dec5a29b5015641b4fba4bba73b411_m.jpg
7057372,건강한데 고소하고 맛있는 두부 브로컬리 무침 만드는 법,코코아마녀의건강한집밥,13,https://recipe1.ezmember.co.kr/cache/recipe/2025/07/08/e8a1cd59ba2bfe61ebf1896a1025a51e1_m.jpg
7057371,스팸 감자 짜글이 초간단 레시피,아띠유니,24,https://recipe1.ezmember.co.kr/cache/recipe/2025/07/08/2b75a45794892c2006b26f7b7934ee571_m.jpg
7057370,참외김치 / 여름 참외 깍두기 레시피 / 참외무침 신기한 이색 김치,태화식품공업(주),16,https://recipe1.ezmember.co.kr/cache/recipe/2025/07/08/e8a075226892ae8c60bd6f8d418633781_m.jpg
7057369,초간단 오이말이 국수 맛보장 레시피,음식중개사,18,https://recipe1.ezmember.co.kr/cache/recipe/2025/07/08/6f84c99cfb807aeeb88f1bf870c7971c1_m.jpg
7057368,묵사발 만들기 / 냉면 육수 맛보장 레시피,아띠유니,37,https://recipe1.ezmember.co.kr/cache/recipe/2025/07/08/787fd984bd597187470fee3733aeb18c1_m.jpg
7057367,#쭈꾸미요리 #쭈꾸미물회만들기 #데친쭈꾸미와야채듬뿍 #고추장된장양념 #멸치다시마야채육수,강철새잎,11,https://recipe1.ezmember.co.kr/cache/recipe/2025/07/08/cb1690744437812a24d1b62c592573eb1_m.jpg
7057366,은은한 편백향이 한가득~ 매력적인 편백찜 요리 세이로무시 만들기,어쩌요화니키친,17,https://recipe1.ezmember.co.kr/cache/recipe/2025/07/08/b623a63a3be6b1b0882ae3a44821e5561_m.jpg
7057365,전복회 한 점이면 피로도 전복된다~ 전복회 만들기,어쩌요화니키친,18,https://recipe1.ezmember.co.kr/cache/recipe/2025/07/08/75b7deb9a41f679e58b2139e57b6fcd11_m.jpg
7057364,쉬운 동치미무 무침만들기 / 초간단 무요리,햇살머금은집,13,https://recipe1.ezmember.co.kr/cache/recipe/2025/07/08/00678a5a17e5a82f394221ea0caea7e61_m.jpg
7057363,비벼~ 지금 당장~ 그리고 잡쏴~ 육회비빔밥 레시피(진주 제일식당 스타일),어쩌요화니키친,29,https://recipe1.ezmember.co.kr/cache/recipe/2025/07/08/2621a0963f242c27ff74c9920272ec631_m.jpg
7057362,심플해서 더 맛있는 양송이버섯볶음 레시피,어쩌요화니키친,23,https://recipe1.ezmember.co.kr/cache/recipe/2025/07/08/1e074b4c8194140d95d4193305f1d70c1_m.jpg
7057361,"부드럽고 고소한 한 그릇, 크래미계란볶음밥 레시피",어쩌요화니키친,29,https://recipe1.ezmember.co.kr/cache/recipe/2025/07/08/1cb7101853b3d8650fa1e6ec55f445111_m.jpg
7057360,갑오징어볶음 레시피 / 냉동 갑오징어 요리,뚜루,29,https://recipe1.ezmember.co.kr/cache/recipe/2025/07/08/41b42acce295213678a2232e9625f0cd1_m.jpg
7057359,해물 부추전 레시피 / 가리비 부추부침개,뚜루,16,https://recipe1.ezmember.co.kr/cache/recipe/2025/07/08/641bde6be314035bc019711ce8ac62c61_m.jpg
7057358,메밀 막국수 만들기 물막국수 레시피,뚜루,37,https://recipe1.ezmember.co.kr/cache/recipe/2025/07/08/50cd1d53c0189505daa587c97d3bbaa51_m.jpg
7057357,크리미한 감자샐러드 만들기 / 여름 햇감자 샐러드,오늘반찬,113,https://recipe1.ezmember.co.kr/cache/recipe/2025/07/08/2656a2e88fc48bc3ed5a6605cf43b65b1_m.jpg
7057356,새송이버섯볶음 레시피 / 간장 버섯조림 만드는법,뚜루,26,https://recipe1.ezmember.co.kr/cache/recipe/2025/07/08/f6f013462d83effa5e6af0ecc3fc7a701_m.jpg
7057355,만두피 김치수제비 레시피 초간단 얼큰 수제비 만들기,오하나키친,13,https://recipe1.ezmember.co.kr/cache/recipe/2025/07/08/fa4e951f5a17b508955090974b0d84ea1_m.jpg
7057354,쿠키만들기 / 초코칩 호두 쿠키 레시피 / 간단한 쿠키만들기,오하나키친,13,https://recipe1.ezmember.co.kr/cache/recipe/2025/07/08/7fe9a5e6c437eb50f8b5aeb2da219a351_m.jpg
7057353,월남쌈 다이어트 도시락싸기 / 양배추 사과 월남쌈재료,오하나키친,17,https://recipe1.ezmember.co.kr/cache/recipe/2025/07/08/9c9a87874f8aa5ed7e2430624222b0631_m.jpg
7057352,버터치킨카레 만들기 / 닭다리살 치킨카레 레시피 재료,오하나키친,15,https://recipe1.ezmember.co.kr/cache/recipe/2025/07/08/894790c82b80ee253e65e0bab176b49e1_m.jpg
7057351,꽃게 된장찌개 맛있게 만드는법 / 게찌개 / 냉동꽃게 손질,오하나키친,12,https://recipe1.ezmember.co.kr/cache/recipe/2025/07/08/4898912b11c65f3c84c10ce3c32335c01_m.jpg
7057350,두부오이깻잎말이 / 두부랑 오이를 깻잎에 돌돌 말았더니… 밥 한 공기 뚝딱!,아임레시피,22,https://recipe1.ezmember.co.kr/cache/recipe/2025/07/08/d2e2fc8c677e1f4885b874d660ec9a2e1_m.jpg
7057349,콩나물냉국,다시봄,33,https://recipe1.ezmember.co.kr/cache/recipe/2025/07/08/6f96b4d9c82f67e30dc3c4ab9f7ddeed1_m.jpg
7057348,메추리알감자조림,다시봄,25,https://recipe1.ezmember.co.kr/cache/recipe/2025/07/08/9e02584c098daf5dc0293c6223f5a8f41_m.jpg
7057347,짭쪼름한 쯔유 소세지 덮밥!,돼솜이,14,https://recipe1.ezmember.co.kr/cache/recipe/2025/07/08/67e63deab5f97ba9666a15956f004c971_m.jpg
7057346,두리문 밥도둑 반찬! 통알감자 간장조림 만드는 법,두리문,54,https://recipe1.ezmember.co.kr/cache/recipe/2025/07/08/7ae89fd014d5ce3158b2c9da7cd40d401_m.jpg
7057345,돼지갈비 김치찌개 만들기 / 돼지갈비요리 / 갈비김치찌개 끓이는 법,에궁이궁,21,https://recipe1.ezmember.co.kr/cache/recipe/2025/07/05/b056389114c0f6c201387ef4dda62ac41_m.jpg
7057344,고추장찌개 레시피 / 돼지고기 감자 고추장찌개,써지니,35,https://recipe1.ezmember.co.kr/cache/recipe/2025/07/08/8b3d69f57eb0694457ecb39b662f16b91_m.jpg
7057343,특별란 맛은 없지만 먹는순간 특별해지는 #감자된장국,청담거사,28,https://recipe1.ezmember.co.kr/cache/recipe/2025/07/08/f118fcc727d3c01e990dea1d77f57c771_m.jpg
7057342,[시래기꽁치조림] 구이보다 백 배 맛난 매운꽁치조림,요리하는디자이너,16,https://recipe1.ezmember.co.kr/cache/recipe/2025/07/08/0447dffe70ed5c9f964786992bc187131_m.jpg
7057341,94.당근사과케이크(ft.전자렌지)(2025.7.8),벚꽃조이나,81,https://recipe1.ezmember.co.kr/cache/recipe/2025/06/24/60fae3b5dcfc87626ecb5c8b8b15d5201_m.jpg
7057340,브로콜리 데치기 / 시간 / 블로콜리 손질 / 세척 씻는법 요리,써지니,14,https://recipe1.ezmember.co.kr/cache/recipe/2025/07/08/78810c044fcf22cf5b1d09ede15e61bb1_m.jpg
7057339,전자레인지 가지무침 만드는 법 / 가지나물 / 가지나물무침 레시피,써지니,46,https://recipe1.ezmember.co.kr/cache/recipe/2025/07/08/63792a81ff2e75af11c6b95d3892e12f1_m.jpg
7057338,한끼대용으로 좋은 당근스프 만들기 / 야채스프 만드는법 / 건강 스프레시피 / 당근요리,요리백과사전,22,https://recipe1.ezmember.co.kr/cache/recipe/2025/07/08/24bd7cc4d1440328d9c6254f6b6eb5df1_m.jpg
7057337,한끼대용으로 좋은 고구마 스프 만들기 / 크림스프 레시피 / 찐고구마스프 만드는법,요리백과사전,19,https://recipe1.ezmember.co.kr/cache/recipe/2025/07/08/38c776c6c3ce734f91cafa3b0329d5381_m.jpg
7057336,마파소스 어묵 꽈리고추 볶음 만드는법,Tina소울푸드,11,https://recipe1.ezmember.co.kr/cache/recipe/2025/07/08/b3363f1c94c0f13d6f7b23a3e52314d51_m.jpg
7057335,수박 장아찌 무침 만드는법,Tina소울푸드,17,https://recipe1.ezmember.co.kr/cache/recipe/2025/07/08/327daf73be32684bc574e9badaf5e00a1_m.jpg
7057334,오이 양배추 참깨 간장무침 만드는법,Tina소울푸드,23,https://recipe1.ezmember.co.kr/cache/recipe/2025/07/07/ae05f9fdd5a476cfda08621eff29f9a31_m.jpg
7057333,멍게비빔밥 만드는법,반이짝이,18,https://recipe1.ezmember.co.kr/cache/recipe/2025/07/07/a9c13b56e875f6a2cb9f805fa911f6651_m.jpg
7057332,에어프라이어로 간편하게 만드는 치즈감자그라탕 만들기,꼬꼬부기,31,https://recipe1.ezmember.co.kr/cache/recipe/2025/07/07/0f05959e56bff21c8d37aee1a030247f1_m.jpg
7057331,찬밥으로 김치죽 끓이는법 / 김치 콩나물 새우죽 레시피 / 아플때 음식 / 간단한 해장요리!,예꿈이댁,19,https://recipe1.ezmember.co.kr/cache/recipe/2025/07/07/a4b8d34d7c2da689af153ce74248471e1_m.jpg
7057330,국물 떡볶이 황금레시피 / 떡볶이 양념소스 만들기 / 간단떡볶기,심플민,88,https://recipe1.ezmember.co.kr/cache/recipe/2025/07/07/3c07d6c2bbc668ff639ad637525016121_m.jpg
7057329,"오이고추된장무침 레시피, 5분이면 완성!",매들린,24,https://recipe1.ezmember.co.kr/cache/recipe/2025/07/07/65b450f9e8e43e8432ef620131a3a56a1_m.jpg
7057328,감자 오이 샐러드 / 타르타르소스 요리 레시피 / 찐 삶은,평화밥상,31,https://recipe1.ezmember.co.kr/cache/recipe/2025/07/07/247e2bf39620dd4cc39690dace5d653e1_m.jpg
7057327,배추 우거지 해장국 / 앞다리살 요리 / 여름 보양식 만드는법 / 뼈없는감자탕,평화밥상,18,https://recipe1.ezmember.co.kr/cache/recipe/2025/07/07/d01ec73d234c2ba0e69a42cb670cfda01_m.jpg
7057326,메밀소바,고우니,28,https://recipe1.ezmember.co.kr/cache/recipe/2025/07/06/8d91c56d0727ad432f6f253a5ad6c1621_m.jpg
7057325,맛있게 감자 삶기 / 냄비에 삶는 법과 시간,해피레시피류이,62,https://recipe1.ezmember.co.kr/cache/recipe/2025/07/07/d05a8652fcc3c9497d6c777376484a6a1_m.jpg
7057324,짜장 만드는 법 / 짜장밥 만들기 / 짜장소스 만들기,승승맘h2,88,https://recipe1.ezmember.co.kr/cache/recipe/2025/07/07/fad37d22dcd3e68ae9fc617cb39261931_m.jpg
7057323,수박 한통 예쁘게 자르는 법,내맛대로요리레시피,25,https://recipe1.ezmember.co.kr/cache/recipe/2025/07/07/4bdc77e7d5d86f8742122e74dd5af92d1_m.jpg
7057322,여름 보양식 토종 닭백숙,엘라피,79,https://recipe1.ezmember.co.kr/cache/recipe/2025/07/07/457285244b33fb23e1650f29e39798e51_m.jpg
7057321,아코디언감자 / 통감자버터구이 / 버터감자 만들기,동그랑,25,https://recipe1.ezmember.co.kr/cache/recipe/2025/07/07/8aed15493b22445e0d2ef8e9a18f6c301_m.jpg
7057320,치즈듬뿍 바삭한 두부감자채전,뿡씨스터즈,36,https://recipe1.ezmember.co.kr/cache/recipe/2025/07/07/514076eb58c8b67026a25b58d3adb5621_m.jpg
7057319,치킨 야채 베이글 샌드위치,뿡씨스터즈,23,https://recipe1.ezmember.co.kr/cache/recipe/2025/07/07/85aae8ff86deaa952d27a7c8831d130d1_m.jpg
7057318,들기름 막국수 소스 / 보리국수 만들기 / 다이어트 면요리,여사장,18,https://recipe1.ezmember.co.kr/cache/recipe/2025/07/07/f782b19e378e5f8c41c2168af842de6e1_m.jpg
7057317,참치주먹밥 만들기 / 간단 참치마요주먹밥 / 소풍도시락,심플민,29,https://recipe1.ezmember.co.kr/cache/recipe/2025/07/07/bf4ec9328b5add30ddedb902408239771_m.jpg
7057316,전자레인지 감자그라탕 만들기 / 감자 치즈그라탕 감자요리,심플민,29,https://recipe1.ezmember.co.kr/cache/recipe/2025/07/07/a55006936a231bce7246e986060e38281_m.jpg
7057315,두부카프레제,윤초,22,https://recipe1.ezmember.co.kr/cache/recipe/2025/07/07/e279ed10ae918c67aaeb869faea3c9281_m.jpg
7057314,[메밀소바] 쯔유부터 오로시까지 직접 만든 소바,요리하는디자이너,25,https://recipe1.ezmember.co.kr/cache/recipe/2025/07/06/4f366c94916def4b92e121a4faef00421_m.jpg
7057313,가지라자냐 만드는 법 / 가지 오븐구이 / 가지그라탕 레시피,춤추는루나,39,https://recipe1.ezmember.co.kr/cache/recipe/2025/07/07/e420a82731d2b31d0fe56b58442a214e1_m.jpg
7057312,다짐육 요리 / 돼지고기 볶음고추장 만들기,춤추는루나,28,https://recipe1.ezmember.co.kr/cache/recipe/2025/07/07/596ffc875f975c48ad04f0d7d536c77c1_m.jpg
7057311,새우젓무침 대파 수육 레시피 / 무수분 삼겹살 삶기,춤추는루나,31,https://recipe1.ezmember.co.kr/cache/recipe/2025/07/07/a48b622941417596b7ca8081411d070c1_m.jpg
7057310,다이어트 계란 마요네즈 만들기 요리 레시피,배고픈엄마,25,https://recipe1.ezmember.co.kr/cache/recipe/2025/07/07/bfda8573d159532fac72e07ecac2a2d71_m.jpg
7057309,집에서도 간단하고 맛있게 부치는 영양가득한 ‘감자당근채전’ 레시피입니다.,Onggurimother,20,https://recipe1.ezmember.co.kr/cache/recipe/2025/07/07/09a5162c7d5e1b1f02189859b15e0f771_m.jpg
7057308,계란 오이 토마토 샐러드 / 다이어트 토마토 오이 샐러드 요리 레시피,배고픈엄마,25,https://recipe1.ezmember.co.kr/cache/recipe/2025/07/07/86156d6e19f6ac56dd1a89ddc622de471_m.jpg
7057307,참치무조림,하쿡눌,25,https://recipe1.ezmember.co.kr/cache/recipe/2025/07/07/ad0a50c460c18a767889f026ebb368fb1_m.png
7057306,대왕 월남쌈 말이,야미쏘,39,https://recipe1.ezmember.co.kr/cache/recipe/2025/07/07/4cd43233fed7274f32c7cae6c06dad361_m.jpg
7057305,버릴 게 없는 양배추~! 양배추 스테이크 레시피,나래노리Narae,12,https://recipe1.ezmember.co.kr/cache/recipe/2025/07/07/bea72f4e725b33414840bfd3ea37a0211_m.jpg
7057304,새콤달콤 초간단 고깃집st ‘무생채’,마쫌바,19,https://recipe1.ezmember.co.kr/cache/recipe/2025/07/07/7cca245029a8d56b79caba4690a99ef01_m.jpg
7057303,청포묵 숙주무침 만들기,요리재능발견,20,https://recipe1.ezmember.co.kr/cache/recipe/2025/07/03/982eff224498d8d039e7efe55ff2246d1_m.jpg
7057302,공심채볶음 모닝글로리볶음 만들기,그미네,101,https://recipe1.ezmember.co.kr/cache/recipe/2025/07/06/28326ab88c044608f3f39fd524b9b2b91_m.jpg
7057301,진미채무침 (진미채 부드럽게 해 먹는 방법),ariel1007,21,https://recipe1.ezmember.co.kr/cache/recipe/2025/07/07/b7c8ff9aa56b03c1d2681fcd04c64a971_m.jpg
7057300,13000원으로 맛있는 순살치킨 배터지게 먹는 집코바치킨,리본홈,30,https://recipe1.ezmember.co.kr/cache/recipe/2025/07/07/dd9c577defe579f268fc9d46d9f581271_m.png
7057299,상추겉절이 (여름철반찬 상추샐러드 상추김치),ariel1007,12,https://recipe1.ezmember.co.kr/cache/recipe/2025/07/07/9b0797e2f2a322d46f7df610b543b0431_m.jpg
7057298,렌지로 간편하게 만드는 잡채 레시피 입니다.,윤씨네키친,10,https://recipe1.ezmember.co.kr/cache/recipe/2025/07/07/bbe31a506cece18b6d149109cc0795e91_m.jpg
7057297,깻잎전 (바삭한 깻잎전 부침옷레시피),ariel1007,32,https://recipe1.ezmember.co.kr/cache/recipe/2025/07/07/bf65b525c47a1c73e06a1a78a2c63a461_m.jpg
7057296,영양가득 브로콜리와 마늘을 함께 볶아 만들 브로콜리 마늘볶음 레시피,윤씨네키친,22,https://recipe1.ezmember.co.kr/cache/recipe/2025/07/07/eaef6f8ef89bc0249a38d1f5aa0a813a1_m.jpg
7057295,병아리콩 후무스 만들기 류수영 레시피,덩손금손,32,https://recipe1.ezmember.co.kr/cache/recipe/2025/07/07/345f9445fa73e67a7d18cc038db439d21_m.jpg
7057294,호박잎된장찌개,봄봄,13,https://recipe1.ezmember.co.kr/cache/recipe/2025/07/07/0404b1a348a0054874c1cef0be578e871_m.jpg
7057293,새송이버섯볶음| 쫄깃쫄깃 식감이 재미있는 새송이버섯 반찬,유주니네cooking,20,https://recipe1.ezmember.co.kr/cache/recipe/2025/07/03/6eb932c0d584e72024e312a5dacd5c9d1_m.jpg
7057292,요즘 매일 먹는 방울토마토로 만든 샐러드 드레싱_방울토마토 마리네이드,잘먹다,20,https://recipe1.ezmember.co.kr/cache/recipe/2025/07/07/2f249742f0db50e74a5f4230885b70011_m.jpg
7057291,빼빼로라떼 만들기,효니,712,https://recipe1.ezmember.co.kr/cache/recipe/2025/07/07/8e3a12124830e2eba260aa6ed1e441d31_m.jpg
7057290,표고버섯 밑동 활용 요리_표고버섯 후리가케_아이들도 잘 먹어요,잘먹다,14,https://recipe1.ezmember.co.kr/cache/recipe/2025/07/07/fbaedd7e2ae164bfdeb0755df98375a41_m.jpg
7057289,매운 낙지볶음 레시피 냉동 낙지볶음 양념장 만들기,우당탕탕숏다&롱다레시피,36,https://recipe1.ezmember.co.kr/cache/recipe/2025/07/07/08f066bb938b8933c6dac7899937a7091_m.jpg
7057288,꽈리고추로 만드는 이색 밑반찬! 꽈리고추 유부조림 레시피,음식중개사,22,https://recipe1.ezmember.co.kr/cache/recipe/2025/07/07/acb80569dade41956e8402986e899de31_m.jpg
7057287,닭날개 요리 간식 양념치킨 레시피,나봄수니,15,https://recipe1.ezmember.co.kr/cache/recipe/2025/07/07/a83c7461e338efa5aa22ba58735304b71_m.jpg
7057286,보들보들 촉촉 활용도 좋은 계란감자 샐러드 레시피,윤씨네키친,52,https://recipe1.ezmember.co.kr/cache/recipe/2025/07/07/3e46a06310f50996bacc53c25db472fd1_m.jpg
7057285,은쿡만의 참치스팸김치찌개,은쿡,11,https://recipe1.ezmember.co.kr/cache/recipe/2025/07/07/548d9d7b32f96c0089eeb7303c0e5d7d1_m.jpg
7057284,냉동 블루베리를 활용해 만들어본 블루베리 에이드 레시피,윤씨네키친,36,https://recipe1.ezmember.co.kr/cache/recipe/2025/07/07/1ccfae9ebdeabbcc599338c2cabdacc91_m.jpg
7057283,은쿡만의 황태미역국,은쿡,22,https://recipe1.ezmember.co.kr/cache/recipe/2025/07/07/06f92792cfa64847551e663c688bd5001_m.jpg
7057282,차슈만드는법 / 돼지앞다리살 차슈 레시피,오하나키친,44,https://recipe1.ezmember.co.kr/cache/recipe/2025/07/07/e05cb743340c21d116572b9622c0153e1_m.jpg
7057281,메밀소바 김밥 만들기 정말 맛있는 메밀김밥 레시피,오하나키친,35,https://recipe1.ezmember.co.kr/cache/recipe/2025/07/07/9992cb4123f973488a571572833b93391_m.jpg
7057280,어향동고 간단버전! 표고버섯새우볶음,잘먹다,17,https://recipe1.ezmember.co.kr/cache/recipe/2025/07/07/ec091d7f98494d2d58f6e9558d5b80c81_m.jpg
7057279,돼지고기 김치찌개 레시피 / 김치찌개황금레시피 재료,오하나키친,55,https://recipe1.ezmember.co.kr/cache/recipe/2025/07/07/ae6181049974fc357b25bfc3a195bf761_m.jpg
7057278,간단한 콩나물국 끓이는법 / 시원한 김치콩나물국,뚜루,29,https://recipe1.ezmember.co.kr/cache/recipe/2025/07/07/de21c5c215ecafdaf868b6a96353b2d71_m.jpg
7057277,머랭쿠키 만들기 / 프레첼 머랭쿠키 레시피,뚜루,20,https://recipe1.ezmember.co.kr/cache/recipe/2025/07/07/70269d2eb1fbdafa6f0b7df9b2870b891_m.jpg
7057276,스팸 아보카도 김밥만들기 / 맛있는 김밥 속재료 조합 레시피,오하나키친,33,https://recipe1.ezmember.co.kr/cache/recipe/2025/07/07/d434be193b3cec750dfa12a5a7697e7a1_m.jpg
7057275,아구찜 만들기 / 아귀찜 레시피 양념,뚜루,19,https://recipe1.ezmember.co.kr/cache/recipe/2025/07/07/8de5e40ef9d78939125434af7160eb4e1_m.jpg
7057274,들기름 막국수 레시피 쯔유 활용 요리,뚜루,42,https://recipe1.ezmember.co.kr/cache/recipe/2025/07/07/49dd012dd31d742ee8048b39d4038f7a1_m.jpg
7057273,다이어트 케이크 / 브로콜리 케이크 레시피,나래노리Narae,16,https://recipe1.ezmember.co.kr/cache/recipe/2025/07/07/a325362c668ee5636480996e9f8d1d461_m.jpg
7057272,쯔유 만들기 / 가쓰오부시 요리,뚜루,26,https://recipe1.ezmember.co.kr/cache/recipe/2025/07/07/ac88a26be5cad80366c6e40c97f14e2a1_m.jpg
7057271,월남쌈 만들기 돼지고추장 불고기로 만든 월남쌈,포우맘의요리,33,https://recipe1.ezmember.co.kr/cache/recipe/2025/07/07/0e7207bcf2b98b2c055f88f30f67a5191_m.jpg
7057270,김치볶음밥 느낌대로 만들어요!!,한입만아내,110,https://recipe1.ezmember.co.kr/cache/recipe/2025/06/20/4568db959df8819a6e78331cadbb95041_m.jpg
7057269,김치우동 레시피 / 김치국물 활용 김치어묵 우동 칼칼한 국물,르미엄마,17,https://recipe1.ezmember.co.kr/cache/recipe/2025/07/07/3a36be91dca1cd58a18f75c28c2235601_m.jpg
7057268,마파두부소스 만들기 마라마파두부 소스를 활용한 다양한 레시피,오하나키친,12,https://recipe1.ezmember.co.kr/cache/recipe/2025/07/07/b6483ea6ab9b2292071ad9f9f6a38d521_m.jpg
7057267,[우유빙수] 설빙느낌 팍팍~,요리하는디자이너,13,https://recipe1.ezmember.co.kr/cache/recipe/2025/07/07/112bb0a2fd1b6c1c9042a9387dd689c81_m.jpg
7057266,오이볶음만드는법~ 오이소고기볶음 오이반찬,노란장미,27,https://recipe1.ezmember.co.kr/cache/recipe/2025/07/07/46106cf98b406046c5ccaae0bf9f60a51_m.jpg
7057265,#두부요리 #김치요리 #열무얼갈이김치볶음만들기 #멸치김치볶음만들기 #두부김치만들기 #들기름두부부침,강철새잎,19,https://recipe1.ezmember.co.kr/cache/recipe/2025/07/07/43cefb8deef8c9cfcb8cf679d62c7c721_m.jpg
7057264,성시경의 예술이라고 하는 냉제육 레시피,쿠킹맨,25,https://recipe1.ezmember.co.kr/cache/recipe/2025/07/07/e990c5e133af1751e0e7620846edf23c1_m.jpg
7057263,냄비를 이용해 감자 삶기,굼빛라이프,30,https://recipe1.ezmember.co.kr/cache/recipe/2025/07/07/7053f17b6d5695cee72e6eed998e387e1_m.jpg
7057262,땡초김밥 스트레스 확 풀리는 매운어묵김밥 레시피,태화식품공업(주),17,https://recipe1.ezmember.co.kr/cache/recipe/2025/07/07/2e5defb8f3898f0c8f5619505dc7a80e1_m.jpg
7057261,바삭바삭 미나리깻잎전,Patience,14,https://recipe1.ezmember.co.kr/cache/recipe/2025/07/07/c5294da347315b6f2564e8b9346468321_m.jpg
7057260,매콤하게 입맛살려주는 우삼겹 들기름 국수 만드는 법,코코아마녀의건강한집밥,11,https://recipe1.ezmember.co.kr/cache/recipe/2025/07/07/a5df86e400dfe38814dc9ae6d6cdcdad1_m.jpg
7057259,버터 갈릭 콘치즈 레시피 (맥주 안주로 제격),케선생,13,https://recipe1.ezmember.co.kr/cache/recipe/2025/07/07/b3fc6c4822c8136e875dc6fe21aabc4b1_m.jpg
7057258,도시락반찬으로 좋고 든든한 간장 어묵볶음 황금레시피,햇살머금은집,22,https://recipe1.ezmember.co.kr/cache/recipe/2025/07/07/bb86df453f27a60c71074291a2f0e7bd1_m.jpg
7057257,여름별미 병아리콩 콩국수 / 백태 메주콩 콩국수레시피,햇살머금은집,40,https://recipe1.ezmember.co.kr/cache/recipe/2025/07/07/7f700bc1ea168917198d06d82546417e1_m.jpg
7057256,"노각무침 황금레시피, 물기없이 아삭한 늙은오이 무침 만드는법",몽글쿡,384,https://recipe1.ezmember.co.kr/cache/recipe/2025/07/07/a4a811f2b0183d2cae741e498fe699df1_m.jpg
7057255,집에서도 간단하게 만드는 얼큰~한 짬뽕밥 레시피,진연,137,https://recipe1.ezmember.co.kr/cache/recipe/2025/07/07/75ca6138fe34b632b311c3553a58bb651_m.jpg
7057254,"새송이버섯김전 / 김 위에 큐브버섯? 처음 보면 놀라고, 먹고 나면 감탄해요",아임레시피,14,https://recipe1.ezmember.co.kr/cache/recipe/2025/07/07/7d12254aa3326d46f78598316a9586e91_m.jpg
7057253,암환자 영양식 검은콩물 / 콩물 만들기,김진옥요리가좋다,325,https://recipe1.ezmember.co.kr/cache/recipe/2025/07/07/3e8a81c6081d762b4906d87eb145dd2c1_m.jpg
7057252,93.지중해식 쉬라즈샐러드(ft.저속노화)(2025.7.7),벚꽃조이나,154,https://recipe1.ezmember.co.kr/cache/recipe/2025/06/21/59af249ba77dfd0770560cfd67a43eb71_m.jpg
7057251,장안의 화제 인기 폭발~!! #냉제육 만들기,청담거사,43,https://recipe1.ezmember.co.kr/cache/recipe/2025/07/07/a781d30c26ebe790bdf8f0d2772f0af61_m.jpg
7057250,애호박 만두 레시피 / 야채 만두 만들기 / 비건만두 만드는방법 / 애호박요리,요리백과사전,42,https://recipe1.ezmember.co.kr/cache/recipe/2025/07/07/1167538dad29a97cd8883f788873a2a41_m.jpg
7057249,아이들 놀이로 좋은 찹쌀쑥떡 만들기 / 인절미 레시피 / 찹쌀요리,요리백과사전,19,https://recipe1.ezmember.co.kr/cache/recipe/2025/07/07/81a668aaafcabb74df7d723786e31b171_m.jpg
7057248,초간단 모듬새싹 계란 비빔밥,뿡씨스터즈,25,https://recipe1.ezmember.co.kr/cache/recipe/2025/07/06/26e5176a69951f9cdd812f34464a4c401_m.jpg
7057247,간장베이스 매콤감자조림,뿡씨스터즈,61,https://recipe1.ezmember.co.kr/cache/recipe/2025/07/06/3ae65aac53b0d3ae0da0a64ec1db2b3f1_m.jpg
7057246,차예련도 반한 이연복 순두부찌개 레시피 / 라면스프 하나로 5분완성,포우맘의요리,69,https://recipe1.ezmember.co.kr/cache/recipe/2025/07/06/40906d06dabd245320078c98f20308021_m.jpg
7057245,해쉬브라운 만들기 / 초간단 브런치 / 감자요리 해시브라운,평화밥상,48,https://recipe1.ezmember.co.kr/cache/recipe/2025/07/06/71f47abc0e183d36aa8c809bcecd4b551_m.jpg
7057244,스팸김치볶음밥 황금 레시피 / 햄 김치볶음밥 / 간단 점심 메뉴,심플민,31,https://recipe1.ezmember.co.kr/cache/recipe/2025/07/06/d5ad57f8b8bcb126fe00839b0f4fe11f1_m.jpg
7057243,우동 만들기 / 된장 우동,승승맘h2,23,https://recipe1.ezmember.co.kr/cache/recipe/2025/07/06/d8abbb93aecbe2525c568e75e0199f491_m.jpg
7057241,[수육차슈덮밥],요리하는디자이너,21,https://recipe1.ezmember.co.kr/cache/recipe/2025/07/06/2390b3db26298f44ce13a04218bdef4b1_m.jpg
7057240,소고기 두부조림 만들기 / 간장두부조림 양념레시피 / 두부반찬,심플민,56,https://recipe1.ezmember.co.kr/cache/recipe/2025/07/06/80934ce2332d9faecf37ccfa37cfa1fb1_m.jpg
7057239,소유의 초간단 고단백 다이어트 레시피 빵빵지 오이보트,잔근육,37,https://recipe1.ezmember.co.kr/cache/recipe/2025/07/06/5b79f6a7dfc81f9729f174625258b32a1_m.jpg
7057238,당근 라페; 식단 조절과 다이어트에 좋은데 맛도 좋은 반찬,쭈언니,29,https://recipe1.ezmember.co.kr/cache/recipe/2025/07/06/85e9724489f366c9a5537524317ef4931_m.jpg
7057237,양파 보관법; 싹 난 양파 독일까?,쭈언니,19,https://recipe1.ezmember.co.kr/cache/recipe/2025/07/06/42b55ee9e66fe968d540c58e6fbe61c01_m.jpg
7057236,돈가스 소스 만들기; 초간단 돈가스 소스 레시피,쭈언니,42,https://recipe1.ezmember.co.kr/cache/recipe/2025/07/06/addb69fe62878bdebf6260b1014c41211_m.jpg
7057235,냉면 육수로 오이냉국 만들기,그미네,116,https://recipe1.ezmember.co.kr/cache/recipe/2025/07/06/330bfb68aa7d3e80e8ca6e2d8142e8e21_m.jpg
7057234,감자샌드위치,다시봄,37,https://recipe1.ezmember.co.kr/cache/recipe/2025/07/06/198799f49870dd798ac74fb4b49693951_m.jpg
7057233,매콤 어묵볶음,내맛대로요리레시피,26,https://recipe1.ezmember.co.kr/cache/recipe/2025/07/05/0edc485ef7f0d6c9380db4e24241c8b81_m.jpg
7057232,오이고추장무침 만드는법~ 초간단 즉석 오이반찬,노란장미,35,https://recipe1.ezmember.co.kr/cache/recipe/2025/06/12/089a2cebc366c48ed361d4716ddb4b451_m.jpg
7057231,계란토마토피자,푸른바다,14,https://recipe1.ezmember.co.kr/cache/recipe/2025/07/06/c48a0f980aab913a5e25c600314af1711_m.jpg
7057230,매콤콩나물무침,다시봄,33,https://recipe1.ezmember.co.kr/cache/recipe/2025/07/06/7ad1657ee1036d3062b63cab492a06b31_m.jpg
7057229,소고기달걀장조림,다시봄,30,https://recipe1.ezmember.co.kr/cache/recipe/2025/07/06/f478d9dcd93adc443419aa7ce6f7812a1_m.jpg
7057228,소시지피망볶음,봄봄,17,https://recipe1.ezmember.co.kr/cache/recipe/2025/07/06/0bef66bb5caa01f996d28a86f77ddfda1_m.jpg
7057227,"하얀 콩나물무침레시피, 비린내 없이 콩나물 맛있게 무치는 법!",몽글쿡,31,https://recipe1.ezmember.co.kr/cache/recipe/2025/07/06/df93a354c33cb29a9c7869b627e3d0591_m.jpg
7057226,"소갈비찜황금레시피, 생일상차림에 딱 소갈비찜만드는법",몽글쿡,125,https://recipe1.ezmember.co.kr/cache/recipe/2025/07/06/b9f93a186208d831becedb103fa6f55c1_m.jpg
7057225,맛있고 시원한 새콤달콤 오이냉국 레시피 간단레시피,랑이쿡,169,https://recipe1.ezmember.co.kr/cache/recipe/2025/07/06/baf87a81d26abfad48eff9909fdde7671_m.jpg
7057224,"경상도소고기무국만드는 법, 빨간 소고기뭇국 황금레시피",몽글쿡,22,https://recipe1.ezmember.co.kr/cache/recipe/2025/07/06/a155fe44df14105fbcdbbeaea1e265e51_m.jpg
7057223,"촉촉하게 무치는 황태채무침, 밥도둑 반찬 완성! [도시락 반찬, 집반찬]",키친드효니,46,https://recipe1.ezmember.co.kr/cache/recipe/2025/07/06/0c8aa7d2534380ebb1292c3e1b3876581_m.jpg
7057222,라이스페이퍼 채소말이,그미네,22,https://recipe1.ezmember.co.kr/cache/recipe/2025/07/04/9570ffeca3dc856b3f54caf78f67fb371_m.jpg
7057221,이연복 두반장 버섯채볶음 만들기 한그릇 요리,에궁이궁,21,https://recipe1.ezmember.co.kr/cache/recipe/2025/07/05/dbc4bfc1c5610c8cb7b3ec251d802c821_m.jpg
7057220,콩나물 무채 무침,고우니,14,https://recipe1.ezmember.co.kr/cache/recipe/2025/07/06/8afb0ef4e77276b3aea6e8ecd91a3dca1_m.jpg
7057219,쥐포구이채 무침,밥심은국력,24,https://recipe1.ezmember.co.kr/cache/recipe/2025/07/06/13384db1406581ecf8cc85bf1fb79c7b1_m.jpg
7057218,나폴리탄 스파게티 레시피 / 토마토케찹으로 간단하게!,매들린,23,https://recipe1.ezmember.co.kr/cache/recipe/2025/07/06/70bce7812c40e290577f8b0330a1518f1_m.jpg
7057217,초간단 여름 반찬! 오이 깨무침 만드는 법 #반찬 만들기 #오이무침 #초간단 #다이어트 레시피 #술안주,랑가,51,https://recipe1.ezmember.co.kr/cache/recipe/2025/07/05/51fd378a95ecdf03cb4aca932a8ff0f11_m.jpg
7057216,고추장찌개| 칼칼하고 다른 반찬이 필요없는 감자 넣은 고추장찌개,유주니네cooking,74,https://recipe1.ezmember.co.kr/cache/recipe/2025/07/03/2607346cf603294085aab301f749bd731_m.jpg
7057215,간만에 맛 본 여름철 최고의 국수 #노각비빔국수,청담거사,42,https://recipe1.ezmember.co.kr/cache/recipe/2025/07/06/36eebc72a79c8727f0539cd388c471291_m.jpg
7057214,간편 밀키트 갈릭 스테이크,뿡씨스터즈,31,https://recipe1.ezmember.co.kr/cache/recipe/2025/07/06/dc853ae52599421bf91c56bc7fc4f5df1_m.jpg
7057213,양배추 계란 토스트,뿡씨스터즈,36,https://recipe1.ezmember.co.kr/cache/recipe/2025/07/06/7e83c2afdeef7950bc95eec8e01d7acb1_m.jpg
7057212,밥 비벼먹기 딱 좋은 그 양념! [제육볶음],채광eat,41,https://recipe1.ezmember.co.kr/cache/recipe/2025/06/26/4ade12e935a9fd7b55213afa1f1beac61_m.png
7057210,일주일이 편한 콥샐러드 밀프렙,내맛대로요리레시피,23,https://recipe1.ezmember.co.kr/cache/recipe/2025/07/05/4dfeadbd532cb880511b7b8d6fdcb4001_m.jpg
7057209,건강한 밑반찬! 미역줄기볶음 레시피(맛있는 미역줄기요리),꼬꼬부기,22,https://recipe1.ezmember.co.kr/cache/recipe/2025/07/05/66e0a4feb5239fff5c251bdffc95feb71_m.jpg
7057208,오이가지냉국 만들기 / 냉면육수 간단 냉국 / 가지 오이냉국 레시피,심플민,161,https://recipe1.ezmember.co.kr/cache/recipe/2025/07/05/24843cf6a7efa8e57c9d801aef41e5ec1_m.jpg
7057207,초코 롤케이크 만들기 홈베이킹 코코아파우더 디저트 홈카페 메뉴 생크림 스타벅스,평화밥상,20,https://recipe1.ezmember.co.kr/cache/recipe/2025/07/05/dcc324c18dc6ffea3d7c420bd762010b1_m.jpg
7057206,감자 치즈 케이크 / 삶은 찐 요리 / 홈베이킹 / 디저트 / 생크림 노밀가루,평화밥상,23,https://recipe1.ezmember.co.kr/cache/recipe/2025/07/05/9acec16e9e63f2c19a2c0f0e3265ba931_m.jpg
7057205,연어 깍두기 레시피 / 숙성하는 법 / 스리라차 만드는법 / 날치알 요즘 SNS 유행,평화밥상,68,https://recipe1.ezmember.co.kr/cache/recipe/2025/07/05/d418175b2177352a7708b9acecb59d941_m.jpg
7057203,여름과 잘어울리는 통오이 크래미김밥,오늘반찬,35,https://recipe1.ezmember.co.kr/cache/recipe/2025/07/05/ca1366c8f79bfff24ce3db6bd7cb96ff1_m.jpg
7057202,매운 스팸 감자조림 레시피,요리하는쮸네,45,https://recipe1.ezmember.co.kr/cache/recipe/2025/07/05/4bd10a1271d488bc148ec95a86b390531_m.jpg
7057201,염증에 좋은 항염 항암주스 몽땅주스 만들기,나래노리Narae,31,https://recipe1.ezmember.co.kr/cache/recipe/2025/07/05/a808843f5a99f40a5b444924282653471_m.jpg
7057200,콩나물 불고기 / 대패삼겹살볶음 레시피,요리하는쮸네,30,https://recipe1.ezmember.co.kr/cache/recipe/2025/07/05/b0a6e4359b213a3e8e20d9973da6fd7f1_m.jpg
7057199,굴소스 간장 어묵볶음 무조건 맛있는 레시피,요리하는쮸네,45,https://recipe1.ezmember.co.kr/cache/recipe/2025/07/05/d33b11f4ea3bd804bd13e0efbd80e9d81_m.jpg
7057198,우삼겹 된장찌개 만들기,굼빛라이프,14,https://recipe1.ezmember.co.kr/cache/recipe/2025/07/05/1d17fb03507715c5723336379f8d26b71_m.jpg
7057197,냉동생지 크로와상 에어프라이어 홈베이킹,굼빛라이프,18,https://recipe1.ezmember.co.kr/cache/recipe/2025/07/05/a19c04b57d82d4980aeef7f9b455c6941_m.jpg
7057196,사과감자샐러드!,왕눈이의맛있는이야기,42,https://recipe1.ezmember.co.kr/cache/recipe/2025/07/01/0a6cbdb888882689db9edf9bfb4abe9f1_m.jpg
7057195,들기름 막국수 레시피 쉽고 맛있는 메밀국수,셈초이의집밥,211,https://recipe1.ezmember.co.kr/cache/recipe/2025/07/05/fbaef67271ff7dd31d7fc8568f2ca57b1_m.jpg
7057194,돼지고기 김치찌개!,왕눈이의맛있는이야기,55,https://recipe1.ezmember.co.kr/cache/recipe/2025/06/30/46f6a7228649fb228ac70f4f41ebcfa71_m.jpg
7057193,알배기배추 맛김치 담는법,Tina소울푸드,39,https://recipe1.ezmember.co.kr/cache/recipe/2025/07/05/c99b4b2ed95f5d7bb2b63b8438f74e591_m.jpg
7057192,무말랭이 무침 황금레시피! 무말랭이 사이다에 절이세요,음식중개사,97,https://recipe1.ezmember.co.kr/cache/recipe/2025/07/05/7e77f88c384dc82318f2b74215f519161_m.jpg
7057187,야채찜 (Steamed Vegetables),지연키친,17,https://recipe1.ezmember.co.kr/cache/recipe/2025/07/05/64ac6af20ebdb3ad41531691f0d2f2581_m.jpg
7057186,수제 베이컨으로 만드는 진짜 까르보나라,지연키친,11,https://recipe1.ezmember.co.kr/cache/recipe/2025/07/05/5fb9486c8c66478cbd965cd4458dd1b61_m.jpg
7057185,햇감자 수프 (닭육수 에디션),지연키친,14,https://recipe1.ezmember.co.kr/cache/recipe/2025/07/05/2984a8abdf4000f2ae34252b69a08be51_m.jpg
7057184,완두콩 시금치 페스토 파스타,지연키친,19,https://recipe1.ezmember.co.kr/cache/recipe/2025/07/05/05b8178fc67838f5b3c80b078b013dd81_m.jpg
7057183,마를렌크뇌델 (Marillenknödel),지연키친,26,https://recipe1.ezmember.co.kr/cache/recipe/2025/07/05/711826ceaee42d8044b267ee7f6efb221_m.jpg
7057182,까쵸에 에 페페 (Cacio e Pepe),지연키친,23,https://recipe1.ezmember.co.kr/cache/recipe/2025/07/05/9110877ce30f383e2bcfb9efef6001321_m.jpg
7057181,치킨 프렌치 (Chicken French),지연키친,34,https://recipe1.ezmember.co.kr/cache/recipe/2025/07/05/200586c2ca9ca8707dd5a36d83257c791_m.jpg
7057180,저당저염 가지 그라탕 만들기 세가지 치즈로 완성,오븐의마법사,33,https://recipe1.ezmember.co.kr/cache/recipe/2025/04/17/6ea9cdb0f48316b8d2aa5b7b1d5f99201_m.jpg
7057179,토마토쨈 만드는 방법 / 보관 꿀팁 / 수제 토마토잼 만들기,오븐의마법사,21,https://recipe1.ezmember.co.kr/cache/recipe/2025/07/05/24a2da75f6c15df52cc976a1c29c8fb01_m.jpg
7057178,냉라면레시피 더운 여름엔 얼얼하고 매운 신라면 주말점심메뉴,포우맘의요리,150,https://recipe1.ezmember.co.kr/cache/recipe/2025/07/05/fe3b9b80b839bd04fd16db160d86c18c1_m.jpg
7057177,비단가리비 파스타,희정집밥,17,https://recipe1.ezmember.co.kr/cache/recipe/2025/07/05/440fa9386e5dfe85a9dc55c9855b5acf1_m.jpg
7057176,콩나물이 들어가 더시원한 김치우동 레시피,선무당,19,https://recipe1.ezmember.co.kr/cache/recipe/2025/07/05/1cb027461b56a598dc269b8ebaf673591_m.jpg
7057175,바질페스토 리조또,희정집밥,31,https://recipe1.ezmember.co.kr/cache/recipe/2025/07/05/0b9bd9caccfd7f6a23b6cd4f3d465c231_m.jpg
7057174,#멸치고추장볶음 #멸추김밥만들기 #건강한김밥 #쌈야채김밥 #미나리김밥 #짠지김밥 #절임오이,강철새잎,32,https://recipe1.ezmember.co.kr/cache/recipe/2025/07/05/b2abaa8eba619588e832b82aea9e60c91_m.jpg
7057173,간단하게 만드는 부추김밥,엘라피,33,https://recipe1.ezmember.co.kr/cache/recipe/2025/07/05/428d8b84bb5a436857d5971fb357d39e1_m.jpg
7057172,"딸기잼바나나토스트, 바나나토스트 레시피",평범한흔남,19,https://recipe1.ezmember.co.kr/cache/recipe/2025/07/05/ee83dc3ae758499af27920d38384d40f1_m.jpg
7057171,"만두 요리, 만두볶음밥 레시피",평범한흔남,29,https://recipe1.ezmember.co.kr/cache/recipe/2025/07/05/eaf3995dac157db03256338b68504ac51_m.jpg
7057170,메밀국수 / 쯔유 메밀국수 육수 / 메밀국수 삶는 시간 / 메밀국수 소스 / 냉메밀 국수,르미엄마,85,https://recipe1.ezmember.co.kr/cache/recipe/2025/07/05/13a0ffbb953bb7868409e1d37ae745181_m.jpg
7057169,집에서도 고깃집 계란찜 완성! 비밀은 베이킹소다,밥심은국력,43,https://recipe1.ezmember.co.kr/cache/recipe/2025/07/05/1e557ece2b4f8d93ae7a474ee79d17a51_m.jpg
7057168,"소불고기 레시피, 간단하고 맛있게 만드는 법",매들린,43,https://recipe1.ezmember.co.kr/cache/recipe/2025/07/05/7081019149d76575bb27623e086e446f1_m.jpg
7057167,숙주무침 / 숙주나물무침 레시피 / 숙주 데치기,써지니,40,https://recipe1.ezmember.co.kr/cache/recipe/2025/07/05/8e830f9f7bbdf45330916ee4bb98e92c1_m.jpg
7057166,떡국? 만둣국? 아니죠! 콩고기 떡만둣국입니다,푸드디렉터요알남,14,https://recipe1.ezmember.co.kr/cache/recipe/2025/06/19/2d61d1e0c31cb619add7794fce11cbc81_m.jpg
7057165,토마토스프 만드는 법 / 토마토 요리 / 토마토야채스프 레시피,에궁이궁,60,https://recipe1.ezmember.co.kr/cache/recipe/2025/07/04/5429e8004889d19dd3198309589deace1_m.jpg
7057164,습하고 꾸물거리는날 기운 올려주는 뜨끈한국물 #오징어국,청담거사,34,https://recipe1.ezmember.co.kr/cache/recipe/2025/07/05/812e49a0bd5caee12b092601d54c1a721_m.jpg
7057163,KFC 콘샐러드 만드는법 / 옥수수콘요리 샐러드 레시피 / 콘샐러드,써지니,57,https://recipe1.ezmember.co.kr/cache/recipe/2025/07/05/6893314074e18976c2665f365743efb51_m.jpg
7057162,[채수게맛살국수] 멸치육수 보다 100배 담백한 채수국수,요리하는디자이너,25,https://recipe1.ezmember.co.kr/cache/recipe/2025/07/04/4a5fa8893183a60e643eaa4a16a27fb51_m.jpg
7057161,휴게소 감자 통감자구이 레시피 / 알감자 버터구이 감자요리,심플민,115,https://recipe1.ezmember.co.kr/cache/recipe/2025/07/05/64a8e4aefd9a2be3806b6321355f35021_m.jpg
7057160,여름단골메뉴 동치미육수 비빔면,뿡씨스터즈,225,https://recipe1.ezmember.co.kr/cache/recipe/2025/07/04/ee8ce982da50e052c855455d023986701_m.jpg
7057159,아삭한 보코치니 양상추 샐러드,뿡씨스터즈,58,https://recipe1.ezmember.co.kr/cache/recipe/2025/07/04/9f4090068a5b8d24126c95cf851513771_m.jpg
7057158,깊은 국물맛이 좋은 참치미역국 레시피,꼬꼬부기,16,https://recipe1.ezmember.co.kr/cache/recipe/2025/07/04/d095bff1a7165bb6afcea57f7934032d1_m.jpg
7057157,감자채전 감자전 만들기 / 치즈감자채전 감자요리,심플민,204,https://recipe1.ezmember.co.kr/cache/recipe/2025/07/04/f7303940255088c216b506d598ad0d021_m.jpg
7057156,"반칙의 맛, 치즈 화산 메이플 우삼겹 볶음밥",찌니,24,https://recipe1.ezmember.co.kr/cache/recipe/2025/07/04/1a5c8366451fbee349f3602653931d931_m.jpg
7057155,입맛 확 돌게 하는 와사비마요 토스트,찌니,23,https://recipe1.ezmember.co.kr/cache/recipe/2025/07/04/0101769a9f912e54f44ff6dcda5785db1_m.jpg
7057154,감자양파채전에 맥주한잔 딱!,돼솜이,62,https://recipe1.ezmember.co.kr/cache/recipe/2025/07/04/a9525ab81fdd1acf5dc565c50c3877d51_m.jpg
7057153,미나리 마늘 볶음밥 만들기 / 미나리 볶음밥 레시피,승승맘h2,19,https://recipe1.ezmember.co.kr/cache/recipe/2025/07/04/e9402d8436b06ad15e396f7f5cb797511_m.jpg
7057152,갈치 굽는법 / 간단하고 쉬운 갈치구이 레시피,포우맘의요리,47,https://recipe1.ezmember.co.kr/cache/recipe/2025/07/04/c4272cb57eadbf25dcaedd211c8d69ff1_m.jpg
7057151,간장 두부강정 만드는법,요리하는쮸네,29,https://recipe1.ezmember.co.kr/cache/recipe/2025/07/04/64c9615525ca122949520b6b2e31a5c61_m.jpg
7057150,밀가루없이 구워도 정말 맛있는 다이어트 제철 애호박전,코코아마녀의건강한집밥,35,https://recipe1.ezmember.co.kr/cache/recipe/2025/07/04/485f9e8e5cf0727b909e8e57e373b8db1_m.jpg
7057149,치즈 베이컨 주먹밥 만들기,요리하는쮸네,20,https://recipe1.ezmember.co.kr/cache/recipe/2025/07/04/a4e0d46808e21ff1d8ca69779a0b6d491_m.jpg
7057148,참치 무조림 만드는 법,요리하는쮸네,43,https://recipe1.ezmember.co.kr/cache/recipe/2025/07/04/0025e64b311efdde05ecfc93d61fb7b51_m.jpg
7057147,집에서도 쉽게 햄치즈오븐스파게티 만들기,레몬콩,42,https://recipe1.ezmember.co.kr/cache/recipe/2025/07/04/521074a811faee0cef8c2e22ae844fd51_m.jpg
7057146,[ 사골 리조또 ] 만들기. 사골국물을 활용한 진한 크림 리조또 레시피,강쿡,38,https://recipe1.ezmember.co.kr/cache/recipe/2025/07/04/1870e0841eeb9f51a05fafe5f53112911_m.jpg
7057145,[ 햄볶음 ] 만들기. 각종 햄으로 만드는 초간단 밥반찬,강쿡,26,https://recipe1.ezmember.co.kr/cache/recipe/2025/07/04/264a0c6c144172a37c772f504215235f1_m.jpg
